Code_Article,Designation,Nom_Abrege,Famille_Article,Groupe_Comptable,Groupe_Client,Date_Creation
ART-1001,Boulon M8X30 Inox 316,Boul-M8,VISSERIE,COMPOSANT,Divers_Local,2026-10-03
ART-1002,Vis Tête Fraisée M6X20,Vis-M6,VISSERIE,COMPOSANT,Divers_Local,2026-10-03
ART-1003,Rondelle M8 Acier Zingué,Rond-M8,VISSERIE,COMPOSANT,Client_Aero,2026-10-03
ART-1004,Écrou Frein M10 Nylon,Ecrou-M10,VISSERIE,COMPOSANT,Divers_Local,2026-10-03
ART-1005,Joint D'Étanchéité Nbr 40X55,Joint-Nbr40,HYDRAULIQUE,COMPOSANT,Divers_Local,2026-10-03
ART-1006,Joint Torique Fkm 25X3,Joint-Fkm25,HYDRAULIQUE,COMPOSANT,Export_Eu,2026-10-03
ART-1007,Flexible Hydraulique 2Sn Dn10,Flex-Hyd10,HYDRAULIQUE,COMPOSANT,Export_Eu,2026-10-03
ART-1008,Raccord Mâle Gaz 1/2 Bsp,Racc-Bsp12,HYDRAULIQUE,COMPOSANT,Divers_Local,2026-10-03
ART-1009,Piston Aluminium Ø40Mm,Pist-Alu40,METALLURGIE,COMPOSANT,Client_Auto,2026-10-03
ART-1010,Axe Cylindrique Acier C45,Axe-C45,METALLURGIE,MAT_PREM,Divers_Local,2026-10-03
ART-1011,Plaque Aluminium 5083 10Mm,Plaq-Alu10,METALLURGIE,MAT_PREM,Divers_Local,2026-10-03
ART-1012,Tube Acier Inoxydable 304L,Tube-Inox304,METALLURGIE,MAT_PREM,Client_Auto,2026-10-03
ART-1013,Granulé Abs Noir Injecteur,Gran-Abs-N,PLASTIQUE,MAT_PREM,Client_Auto,2026-10-03
ART-1014,Granulé Polypropylène Pp500,Gran-Pp500,PLASTIQUE,MAT_PREM,Interne,2026-10-03
ART-1015,Boîtier Injecté Pa66-Gf30,Boit-Pa66,PLASTIQUE,PROD_FINI,Client_Aero,2026-10-03
ART-1016,Bouchon Plastique Fileté Ø32,Bouch-Pl32,PLASTIQUE,PROD_FINI,Divers_Local,2026-10-03
ART-1017,Capteur De Pression 0-10 Bar,Capt-Pres10,ELECTRONIQUE,COMPOSANT,Client_Aero,2026-10-03
ART-1018,Electrovanne 24V Dc 3/2,Elect-Van24V,ELECTRONIQUE,COMPOSANT,Client_Auto,2026-10-03
ART-1019,Relais De Puissance 12V 40A,Rel-12V40A,ELECTRONIQUE,COMPOSANT,Client_Aero,2026-10-03
ART-1020,Carton Ondulé Double Cannelure,Cart-Doubl,EMBALLAGE,EMBALLAGE,Divers_Local,2026-10-03
ART-1021,Film Étirable Palette 23Μm,Film-Etir23,EMBALLAGE,EMBALLAGE,Divers_Local,2026-10-03
ART-1022,Palette Euro Bois 1200X800,Pal-Euro,EMBALLAGE,EMBALLAGE,Client_Aero,2026-10-03
ART-1023,Arbre De Transmission Usiné,Arbr-Trans,METALLURGIE,PROD_FINI,Interne,2026-10-03
ART-1024,Carter Supérieur Fonte Mégane,Cart-Sup-Meg,METALLURGIE,PROD_FINI,Divers_Local,2026-10-03
ART-1025,Support Moteur Aluminium M2,Supp-Mot-M2,METALLURGIE,PROD_FINI,Client_Aero,2026-10-03
ART-1026,Article Industriel 26 Electronique,Art-26,ELECTRONIQUE,MAT_PREM,Interne,2026-10-03
ART-1027,Article Industriel 27 Visserie,Art-27,VISSERIE,COMPOSANT,Client_Auto,2026-10-03
ART-1028,Article Industriel 28 Plastique,Art-28,PLASTIQUE,PROD_FINI,Client_Auto,2026-10-03
ART-1029,Article Industriel 29 Plastique,Art-29,PLASTIQUE,MAT_PREM,Client_Auto,2026-10-03
ART-1030,Article Industriel 30 Electronique,Art-30,ELECTRONIQUE,ACHAT_DIR,Client_Aero,2026-10-03
ART-1031,Article Industriel 31 Visserie,Art-31,VISSERIE,ACHAT_DIR,Client_Auto,2026-10-03
ART-1032,Article Industriel 32 Metallurgie,Art-32,METALLURGIE,MAT_PREM,Divers_Local,2026-10-03
ART-1033,Article Industriel 33 Visserie,Art-33,VISSERIE,MAT_PREM,Client_Aero,2026-10-03
ART-1034,Article Industriel 34 Plastique,Art-34,PLASTIQUE,PROD_FINI,Client_Auto,2026-10-03
ART-1035,Article Industriel 35 Divers,Art-35,DIVERS,ACHAT_DIR,Divers_Local,2026-10-03
ART-1036,Article Industriel 36 Visserie,Art-36,VISSERIE,ACHAT_DIR,Interne,2026-10-03
ART-1037,Article Industriel 37 Plastique,Art-37,PLASTIQUE,ACHAT_DIR,Client_Auto,2026-10-03
ART-1038,Article Industriel 38 Metallurgie,Art-38,METALLURGIE,PROD_FINI,Client_Aero,2026-10-03
ART-1039,Article Industriel 39 Metallurgie,Art-39,METALLURGIE,ACHAT_DIR,Export_Eu,2026-10-03
ART-1040,Article Industriel 40 Hydraulique,Art-40,HYDRAULIQUE,MAT_PREM,Export_Eu,2026-10-03
ART-1041,Article Industriel 41 Emballage,Art-41,EMBALLAGE,PROD_FINI,Client_Auto,2026-10-03
ART-1042,Article Industriel 42 Electronique,Art-42,ÉLÉCTRONYQUÉ,EMBALLAGE,Client_Auto,2026-10-03
ART-1043,Article Industriel 43 Hydraulique,Art-43,HYDRAULIQUE,COMPOSANT,Interne,2026-10-03
ART-1044,Article Industriel 44 Plastique,Art-44,PLASTIQUE,PROD_FINI,Export_Eu,2026-10-03
ART-1045,Article Industriel 45 Emballage,Art-45,EMBALLAGE,COMPOSANT,Export_Eu,2026-10-03
ART-1046,Article Industriel 46 Visserie,Art-46,VISSERIE,MAT_PREM,Client_Auto,2026-10-03
ART-1047,Article Industriel 47 Metallurgie,Art-47,METALLURGIE,MAT_PREM,Export_Eu,2026-10-03
ART-1048,Article Industriel 48 Hydraulique,Art-48,HYDRAULIQUE,COMPOSANT,Export_Eu,2026-10-03
ART-1049,Article Industriel 49 Divers,Art-49,DIVERS,COMPOSANT,Divers_Local,2026-10-03
ART-1050,Article Industriel 50 Emballage,Art-50,EMBALLAGE,MAT_PREM,Export_Eu,2026-10-03
ART-1051,Article Industriel 51 Electronique,Art-51,ELECTRONIQUE,EMBALLAGE,Divers_Local,2026-10-03
ART-1052,Article Industriel 52 Divers,Art-52,DIVERS,MAT_PREM,Interne,2026-10-03
ART-1053,Article Industriel 53 Metallurgie,Art-53,METALLURGIE,MAT_PREM,Interne,2026-10-03
ART-1054,Article Industriel 54 Divers,Art-54,DIVERS,COMPOSANT,Client_Auto,2026-10-03
ART-1055,Article Industriel 55 Emballage,Art-55,EMBALLAGE,ACHAT_DIR,Client_Aero,2026-10-03
ART-1056,Article Industriel 56 Emballage,Art-56,EMBALLAGE,COMPOSANT,Client_Aero,2026-10-03
ART-1057,Article Industriel 57 Divers,Art-57,DIVERS,PROD_FINI,Interne,2026-10-03
ART-1058,Article Industriel 58 Electronique,Art-58,ELECTRONIQUE,MAT_PREM,Client_Aero,2026-10-03
ART-1059,Article Industriel 59 Visserie,Art-59,VISSERIE,PROD_FINI,Client_Auto,2026-10-03
ART-1060,Article Industriel 60 Emballage,Art-60,EMBALLAGE,COMPOSANT,Divers_Local,2026-10-03
ART-1061,Article Industriel 61 Visserie,Art-61,VISSERIE,PROD_FINI,Divers_Local,2026-10-03
ART-1062,Article Industriel 62 Emballage,Art-62,EMBALLAGE,MAT_PREM,Client_Auto,2026-10-03
ART-1063,Article Industriel 63 Metallurgie,Art-63,METALLURGIE,COMPOSANT,Divers_Local,2026-10-03
ART-1064,Article Industriel 64 Metallurgie,Art-64,METALLURGIE,COMPOSANT,Export_Eu,2026-10-03
ART-1065,Article Industriel 65 Plastique,Art-65,PLASTIQUE,COMPOSANT,Divers_Local,2026-10-03
ART-1066,Article Industriel 66 Hydraulique,Art-66,HYDRAULIQUE,PROD_FINI,Client_Auto,2026-10-03
ART-1067,Article Industriel 67 Electronique,Art-67,DIVERS,COMPOSANT,Client_Aero,2026-10-03
ART-1068,Article Industriel 68 Electronique,Art-68,ELECTRONIQUE,MAT_PREM,Client_Auto,2026-10-03
ART-1069,Article Industriel 69 Divers,Art-69,DIVERS,PROD_FINI,Client_Aero,2026-10-03
ART-1070,Article Industriel 70 Divers,Art-70,DIVERS,PROD_FINI,Client_Aero,2026-10-03
ART-1071,Article Industriel 71 Plastique,Art-71,PLASTIQUE,EMBALLAGE,Interne,2026-10-03
ART-1072,Article Industriel 72 Metallurgie,Art-72,METALLURGIE,COMPOSANT,Client_Aero,2026-10-03
ART-1073,Article Industriel 73 Electronique,Art-73,ELECTRONIQUE,ACHAT_DIR,Client_Auto,2026-10-03
ART-1074,Article Industriel 74 Plastique,Art-74,PLASTIQUE,COMPOSANT,Export_Eu,2026-10-03
ART-1075,Article Industriel 75 Emballage,Art-75,EMBALLAGE,MAT_PREM,Divers_Local,2026-10-03
ART-1076,Article Industriel 76 Plastique,Art-76,PLASTIQUE,MAT_PREM,Client_Auto,2026-10-03
ART-1077,Article Industriel 77 Emballage,Art-77,EMBALLAGE,COMPOSANT,Divers_Local,2026-10-03
ART-1078,Article Industriel 78 Metallurgie,Art-78,METALLURGIE,COMPOSANT,Client_Aero,2026-10-03
ART-1079,Article Industriel 79 Visserie,Art-79,VISSERIE,PROD_FINI,Interne,2026-10-03
ART-1080,Article Industriel 80 Divers,Art-80,DIVERS,COMPOSANT,Client_Aero,2026-10-03
ART-1081,Article Industriel 81 Plastique,Art-81,PLASTIQUE,EMBALLAGE,Divers_Local,2026-10-03
ART-1082,Article Industriel 82 Metallurgie,Art-82,METALLURGIE,EMBALLAGE,Client_Aero,2026-10-03
ART-1083,Article Industriel 83 Plastique,Art-83,PLASTIQUE,COMPOSANT,Client_Aero,2026-10-03
ART-1084,Article Industriel 84 Plastique,Art-84,PLASTIQUE,PROD_FINI,Divers_Local,2026-10-03
ART-1085,Article Industriel 85 Electronique,Art-85,ELECTRONIQUE,ACHAT_DIR,Divers_Local,2026-10-03
ART-1086,Article Industriel 86 Divers,Art-86,DIVERS,COMPOSANT,Interne,2026-10-03
ART-1087,Article Industriel 87 Electronique,Art-87,ELECTRONIQUE,ACHAT_DIR,Divers_Local,2026-10-03
ART-1088,Article Industriel 88 Metallurgie,Art-88,METALLURGIE,ACHAT_DIR,Interne,2026-10-03
ART-1089,Article Industriel 89 Metallurgie,Art-89,METALLURGIE,COMPOSANT,Client_Auto,2026-10-03
ART-1090,Article Industriel 90 Plastique,Art-90,PLASTIQUE,PROD_FINI,Client_Aero,2026-10-03
ART-1091,Article Industriel 91 Divers,Art-91,DIVERS,EMBALLAGE,Client_Auto,2026-10-03
ART-1092,Article Industriel 92 Visserie,Art-92,VISSERIE,MAT_PREM,Export_Eu,2026-10-03
ART-1093,Article Industriel 93 Emballage,Art-93,EMBALLAGE,MAT_PREM,Client_Aero,2026-10-03
ART-1094,Article Industriel 94 Plastique,Art-94,PLASTIQUE,PROD_FINI,Client_Aero,2026-10-03
ART-1095,Article Industriel 95 Emballage,Art-95,EMBALLAGE,EMBALLAGE,Client_Aero,2026-10-03
ART-1096,Article Industriel 96 Divers,Art-96,DIVERS,MAT_PREM,Export_Eu,2026-10-03
ART-1097,Article Industriel 97 Metallurgie,Art-97,METALLURGIE,EMBALLAGE,Export_Eu,2026-10-03
ART-1098,Article Industriel 98 Divers,Art-98,DIVERS,EMBALLAGE,Client_Auto,2026-10-03
ART-1099,Article Industriel 99 Divers,Art-99,DIVERS,COMPOSANT,Client_Aero,2026-10-03
ART-1100,Article Industriel 100 Divers,Art-100,DIVERS,MAT_PREM,Interne,2026-10-03
ART-1101,Article Industriel 101 Electronique,Art-101,ELECTRONIQUE,MAT_PREM,Client_Aero,2026-10-03
ART-1102,Article Industriel 102 Electronique,Art-102,ELECTRONIQUE,ACHAT_DIR,Export_Eu,2026-10-03
ART-1103,Article Industriel 103 Emballage,Art-103,EMBALLAGE,COMPOSANT,Export_Eu,2026-10-03
ART-1104,Article Industriel 104 Emballage,Art-104,EMBALLAGE,COMPOSANT,Export_Eu,2026-10-03
ART-1105,Article Industriel 105 Visserie,Art-105,VISSERIE,COMPOSANT,Export_Eu,2026-10-03
ART-1106,Article Industriel 106 Metallurgie,Art-106,METALLURGIE,PROD_FINI,Divers_Local,2026-10-03
ART-1107,Article Industriel 107 Metallurgie,Art-107,METALLURGIE,MAT_PREM,Divers_Local,2026-10-03
ART-1108,Article Industriel 108 Electronique,Art-108,ELECTRONIQUE,COMPOSANT,Divers_Local,2026-10-03
ART-1109,Article Industriel 109 Divers,Art-109,DIVERS,PROD_FINI,Client_Aero,2026-10-03
ART-1110,Article Industriel 110 Divers,Art-110,DIVERS,MAT_PREM,Client_Aero,2026-10-03
ART-1111,Article Industriel 111 Emballage,Art-111,EMBALLAGE,COMPOSANT,Client_Auto,2026-10-03
ART-1112,Article Industriel 112 Emballage,Art-112,EMBALLAGE,ACHAT_DIR,Interne,2026-10-03
ART-1113,Article Industriel 113 Divers,Art-113,DIVERS,PROD_FINI,Export_Eu,2026-10-03
ART-1114,Article Industriel 114 Plastique,Art-114,PLASTIQUE,COMPOSANT,Divers_Local,2026-10-03
ART-1115,Article Industriel 115 Emballage,Art-115,EMBALLAGE,PROD_FINI,Interne,2026-10-03
ART-1116,Article Industriel 116 Divers,Art-116,DIVERS,ACHAT_DIR,Export_Eu,2026-10-03
ART-1117,Article Industriel 117 Visserie,Art-117,VISSERIE,ACHAT_DIR,Client_Auto,2026-10-03
ART-1118,Article Industriel 118 Hydraulique,Art-118,HYDRAULIQUE,EMBALLAGE,Divers_Local,2026-10-03
ART-1119,Article Industriel 119 Visserie,Art-119,VISSERIE,MAT_PREM,Export_Eu,2026-10-03
ART-1120,Article Industriel 120 Hydraulique,Art-120,HYDRAULIQUE,COMPOSANT,Interne,2026-10-03
ART-1121,Article Industriel 121 Plastique,Art-121,PLASTIQUE,MAT_PREM,Client_Auto,2026-10-03
ART-1122,Article Industriel 122 Plastique,Art-122,PLASTIQUE,ACHAT_DIR,Export_Eu,2026-10-03
ART-1123,Article Industriel 123 Visserie,Art-123,VISSERIE,MAT_PREM,Divers_Local,2026-10-03
ART-1124,Article Industriel 124 Electronique,Art-124,ELECTRONIQUE,EMBALLAGE,Export_Eu,2026-10-03
ART-1125,Article Industriel 125 Emballage,Art-125,EMBALLAGE,MAT_PREM,Export_Eu,2026-10-03
ART-1126,Article Industriel 126 Emballage,Art-126,EMBALLAGE,ACHAT_DIR,Divers_Local,2026-10-03
ART-1127,Article Industriel 127 Emballage,Art-127,EMBALLAGE,PROD_FINI,Divers_Local,2026-10-03
ART-1128,Article Industriel 128 Plastique,Art-128,PLASTIQUE,EMBALLAGE,Interne,2026-10-03
ART-1129,Article Industriel 129 Divers,Art-129,DIVERS,PROD_FINI,Interne,2026-10-03
ART-1130,Article Industriel 130 Hydraulique,Art-130,HYDRAULIQUE,ACHAT_DIR,Divers_Local,2026-10-03
ART-1131,Article Industriel 131 Emballage,Art-131,EMBALLAGE,ACHAT_DIR,Client_Auto,2026-10-03
ART-1132,Article Industriel 132 Metallurgie,Art-132,METALLURGIE,PROD_FINI,Divers_Local,2026-10-03
ART-1133,Article Industriel 133 Divers,Art-133,DIVERS,PROD_FINI,Export_Eu,2026-10-03
ART-1134,Article Industriel 134 Electronique,Art-134,ELECTRONIQUE,COMPOSANT,Divers_Local,2026-10-03
ART-1135,Article Industriel 135 Metallurgie,Art-135,METALLURGIE,COMPOSANT,Divers_Local,2026-10-03
ART-1136,Article Industriel 136 Metallurgie,Art-136,METALLURGIE,ACHAT_DIR,Interne,2026-10-03
ART-1137,Article Industriel 137 Metallurgie,Art-137,METALLURGIE,MAT_PREM,Divers_Local,2026-10-03
ART-1138,Article Industriel 138 Plastique,Art-138,PLASTIQUE,PROD_FINI,Divers_Local,2026-10-03
ART-1139,Article Industriel 139 Visserie,Art-139,VISSERIE,COMPOSANT,Client_Auto,2026-10-03
ART-1140,Article Industriel 140 Visserie,Art-140,VISSERIE,ACHAT_DIR,Interne,2026-10-03
ART-1141,Article Industriel 141 Divers,Art-141,DIVERS,PROD_FINI,Client_Auto,2026-10-03
ART-1142,Article Industriel 142 Divers,Art-142,DIVERS,PROD_FINI,Client_Auto,2026-10-03
ART-1143,Article Industriel 143 Visserie,Art-143,VISSERIE,MAT_PREM,Interne,2026-10-03
ART-1144,Article Industriel 144 Electronique,Art-144,ELECTRONIQUE,MAT_PREM,Client_Aero,2026-10-03
ART-1145,Article Industriel 145 Plastique,Art-145,PLASTIQUE,MAT_PREM,Export_Eu,2026-10-03
ART-1146,Article Industriel 146 Visserie,Art-146,VISSERIE,COMPOSANT,Client_Auto,2026-10-03
ART-1147,Article Industriel 147 Visserie,Art-147,VISSERIE,ACHAT_DIR,Client_Aero,2026-10-03
ART-1148,Article Industriel 148 Plastique,Art-148,PLASTIQUE,COMPOSANT,INTERNE,2026-10-03
ART-1149,Article Industriel 149 Electronique,Art-149,ELECTRONIQUE,EMBALLAGE,Client_Aero,2026-10-03
ART-1150,Article Industriel 150 Plastique,Art-150,PLASTIQUE,ACHAT_DIR,Interne,2026-10-03
ART-1151,Article Industriel 151 Plastique,Art-151,PLASTIQUE,ACHAT_DIR,Divers_Local,2026-10-03
ART-1152,Article Industriel 152 Divers,Art-152,DIVERS,EMBALLAGE,Client_Auto,2026-10-03
ART-1153,Article Industriel 153 Plastique,Art-153,PLASTIQUE,EMBALLAGE,Export_Eu,2026-10-03
ART-1154,Article Industriel 154 Emballage,Art-154,EMBALLAGE,EMBALLAGE,Export_Eu,2026-10-03
ART-1155,Article Industriel 155 Plastique,Art-155,PLASTIQUE,MAT_PREM,Client_Aero,2026-10-03
ART-1156,Article Industriel 156 Visserie,Art-156,VISSERIE,EMBALLAGE,Divers_Local,2026-10-03
ART-1157,Article Industriel 157 Hydraulique,Art-157,HYDRAULIQUE,EMBALLAGE,Client_Auto,2026-10-03
ART-1158,Article Industriel 158 Metallurgie,Art-158,METALLURGIE,EMBALLAGE,Interne,2026-10-03
ART-1159,Article Industriel 159 Emballage,Art-159,EMBALLAGE,MAT_PREM,Export_Eu,2026-10-03
ART-1160,Article Industriel 160 Electronique,Art-160,ELECTRONIQUE,MAT_PREM,Divers_Local,2026-10-03
ART-1161,Article Industriel 161 Visserie,Art-161,VISSERIE,EMBALLAGE,Interne,2026-10-03
ART-1162,Article Industriel 162 Electronique,Art-162,ELECTRONIQUE,COMPOSANT,Client_Aero,2026-10-03
ART-1163,Article Industriel 163 Emballage,Art-163,EMBALLAGE,MAT_PREM,Client_Auto,2026-10-03
ART-1164,Article Industriel 164 Plastique,Art-164,PLASTIQUE,PROD_FINI,Interne,2026-10-03
ART-1165,Article Industriel 165 Plastique,Art-165,PLASTIQUE,ACHAT_DIR,Interne,2026-10-03
ART-1166,Article Industriel 166 Metallurgie,Art-166,METALLURGIE,PROD_FINI,Client_Auto,2026-10-03
ART-1167,Article Industriel 167 Metallurgie,Art-167,METALLURGIE,PROD_FINI,Interne,2026-10-03
ART-1168,Article Industriel 168 Hydraulique,Art-168,HYDRAULIQUE,EMBALLAGE,Client_Aero,2026-10-03
ART-1169,Article Industriel 169 Plastique,Art-169,PLASTIQUE,MAT_PREM,Client_Aero,2026-10-03
ART-1170,Article Industriel 170 Metallurgie,Art-170,METALLURGIE,ACHAT_DIR,Divers_Local,2026-10-03
ART-1171,Article Industriel 171 Visserie,Art-171,VISSERIE,MAT_PREM,Client_Aero,2026-10-03
ART-1172,Article Industriel 172 Electronique,Art-172,ELECTRONIQUE,ACHAT_DIR,Client_Auto,2026-10-03
ART-1173,Article Industriel 173 Emballage,Art-173,EMBALLAGE,MAT_PREM,Interne,2026-10-03
ART-1174,Article Industriel 174 Visserie,Art-174,VISSERIE,PROD_FINI,Export_Eu,2026-10-03
ART-1175,Article Industriel 175 Plastique,Art-175,PLASTIQUE,EMBALLAGE,Client_Aero,2026-10-03
ART-1176,Article Industriel 176 Metallurgie,Art-176,METALLURGIE,EMBALLAGE,Interne,2026-10-03
ART-1177,Article Industriel 177 Plastique,Art-177,PLASTIQUE,EMBALLAGE,Export_Eu,2026-10-03
ART-1178,Article Industriel 178 Visserie,Art-178,VISSERIE,PROD_FINI,Client_Aero,2026-10-03
ART-1179,Article Industriel 179 Metallurgie,Art-179,METALLURGIE,MAT_PREM,Interne,2026-10-03
ART-1180,Article Industriel 180 Metallurgie,Art-180,METALLURGIE,COMPOSANT,Export_Eu,2026-10-03
ART-1181,Article Industriel 181 Emballage,Art-181,EMBALLAGE,EMBALLAGE,Interne,2026-10-03
ART-1182,Article Industriel 182 Hydraulique,Art-182,HYDRAULIQUE,EMBALLAGE,Export_Eu,2026-10-03
ART-1183,Article Industriel 183 Electronique,Art-183,ELECTRONIQUE,ACHAT_DIR,Export_Eu,2026-10-03
ART-1184,Article Industriel 184 Electronique,Art-184,ELECTRONIQUE,EMBALLAGE,Export_Eu,2026-10-03
ART-1185,Article Industriel 185 Plastique,Art-185,PLASTIQUE,PROD_FINI,INTERNE,2026-10-03
ART-1186,Article Industriel 186 Hydraulique,Art-186,HYDRAULIQUE,PROD_FINI,Export_Eu,2026-10-03
ART-1187,Article Industriel 187 Visserie,Art-187,VISSERIE,ACHAT_DIR,Interne,2026-10-03
ART-1188,Article Industriel 188 Electronique,Art-188,ELECTRONIQUE,ACHAT_DIR,Divers_Local,2026-10-03
ART-1189,Article Industriel 189 Visserie,Art-189,VISSERIE,COMPOSANT,Client_Auto,2026-10-03
ART-1190,Article Industriel 190 Visserie,Art-190,VISSERIE,MAT_PREM,Interne,2026-10-03
ART-1191,Article Industriel 191 Divers,Art-191,DIVERS,EMBALLAGE,Client_Aero,2026-10-03
ART-1192,Article Industriel 192 Divers,Art-192,DIVERS,ACHAT_DIR,Export_Eu,2026-10-03
ART-1193,Article Industriel 193 Plastique,Art-193,PLASTIQUE,MAT_PREM,Divers_Local,2026-10-03
ART-1194,Article Industriel 194 Divers,Art-194,DIVERS,MAT_PREM,Export_Eu,2026-10-03
ART-1195,Article Industriel 195 Emballage,Art-195,EMBALLAGE,PROD_FINI,Export_Eu,2026-10-03
ART-1196,Article Industriel 196 Visserie,Art-196,VISSERIE,ACHAT_DIR,Client_Auto,2026-10-03
ART-1197,Article Industriel 197 Visserie,Art-197,VISSERIE,PROD_FINI,Client_Aero,2026-10-03
ART-1198,Article Industriel 198 Metallurgie,Art-198,METALLURGIE,MAT_PREM,Divers_Local,2026-10-03
ART-1199,Article Industriel 199 Divers,Art-199,DIVERS,PROD_FINI,Divers_Local,2026-10-03
ART-1200,Article Industriel 200 Divers,Art-200,DIVERS,ACHAT_DIR,Export_Eu,2026-10-03
ART-1201,Article Industriel 201 Visserie,Art-201,VISSERIE,ACHAT_DIR,Client_Auto,2026-10-03
ART-1202,Article Industriel 202 Visserie,Art-202,VISSERIE,EMBALLAGE,Export_Eu,2026-10-03
ART-1203,Article Industriel 203 Electronique,Art-203,ELECTRONIQUE,ACHAT_DIR,Interne,2026-10-03
ART-1204,Article Industriel 204 Divers,Art-204,DIVERS,ACHAT_DIR,Client_Aero,2026-10-03
ART-1205,Article Industriel 205 Hydraulique,Art-205,HYDRAULIQUE,COMPOSANT,Client_Auto,2026-10-03
ART-1206,Article Industriel 206 Plastique,Art-206,PLASTIQUE,COMPOSANT,Export_Eu,2026-10-03
ART-1207,Article Industriel 207 Plastique,Art-207,PLASTIQUE,COMPOSANT,Divers_Local,2026-10-03
ART-1208,Article Industriel 208 Metallurgie,Art-208,METALLURGIE,PROD_FINI,Client_Auto,2026-10-03
ART-1209,Article Industriel 209 Electronique,Art-209,ELECTRONIQUE,COMPOSANT,Divers_Local,2026-10-03
ART-1210,Article Industriel 210 Metallurgie,Art-210,METALLURGIE,COMPOSANT,Client_Aero,2026-10-03
ART-1211,Article Industriel 211 Emballage,Art-211,EMBALLAGE,MAT_PREM,Client_Aero,2026-10-03
ART-1212,Article Industriel 212 Visserie,Art-212,VISSERIE,EMBALLAGE,Client_Aero,2026-10-03
ART-1213,Article Industriel 213 Divers,Art-213,DIVERS,ACHAT_DIR,Export_Eu,2026-10-03
ART-1214,Article Industriel 214 Visserie,Art-214,VISSERIE,MAT_PREM,Interne,2026-10-03
ART-1215,Article Industriel 215 Divers,Art-215,DIVERS,PROD_FINI,Export_Eu,2026-10-03
ART-1216,Article Industriel 216 Divers,Art-216,DIVERS,COMPOSANT,Client_Aero,2026-10-03
ART-1217,Article Industriel 217 Plastique,Art-217,PLASTIQUE,COMPOSANT,Interne,2026-10-03
ART-1218,Article Industriel 218 Visserie,Art-218,VISSERIE,PROD_FINI,Divers_Local,2026-10-03
ART-1219,Article Industriel 219 Hydraulique,Art-219,HYDRAULIQUE,COMPOSANT,Client_Auto,2026-10-03
ART-1220,Article Industriel 220 Plastique,Art-220,PLASTIQUE,EMBALLAGE,Client_Aero,2026-10-03
ART-1221,Article Industriel 221 Emballage,Art-221,EMBALLAGE,ACHAT_DIR,Interne,2026-10-03
ART-1222,Article Industriel 222 Electronique,Art-222,ELECTRONIQUE,COMPOSANT,Client_Aero,2026-10-03
ART-1223,Article Industriel 223 Divers,Art-223,DIVERS,ACHAT_DIR,Divers_Local,2026-10-03
ART-1224,Article Industriel 224 Visserie,Art-224,VISSERIE,ACHAT_DIR,Interne,2026-10-03
ART-1225,Article Industriel 225 Hydraulique,Art-225,HYDRAULIQUE,MAT_PREM,Export_Eu,2026-10-03
ART-1226,Article Industriel 226 Plastique,Art-226,PLASTIQUE,COMPOSANT,Interne,2026-10-03
ART-1227,Article Industriel 227 Visserie,Art-227,VISSERIE,MAT_PREM,Client_Aero,2026-10-03
ART-1228,Article Industriel 228 Electronique,Art-228,ELECTRONIQUE,ACHAT_DIR,Interne,2026-10-03
ART-1229,Article Industriel 229 Plastique,Art-229,PLASTIQUE,COMPOSANT,Client_Aero,2026-10-03
ART-1230,Article Industriel 230 Hydraulique,Art-230,HYDRAULIQUE,ACHAT_DIR,Interne,2026-10-03
ART-1231,Article Industriel 231 Plastique,Art-231,PLASTIQUE,COMPOSANT,Client_Aero,2026-10-03
ART-1232,Article Industriel 232 Plastique,Art-232,PLASTIQUE,COMPOSANT,Divers_Local,2026-10-03
ART-1233,Article Industriel 233 Divers,Art-233,DIVERS,DIVERS,Client_Aero,2026-10-03
ART-1234,Article Industriel 234 Hydraulique,Art-234,HYDRAULIQUE,MAT_PREM,Export_Eu,2026-10-03
ART-1235,Article Industriel 235 Visserie,Art-235,VISSERIE,EMBALLAGE,Client_Aero,2026-10-03
ART-1236,Article Industriel 236 Emballage,Art-236,EMBALLAGE,COMPOSANT,Interne,2026-10-03
ART-1237,Article Industriel 237 Visserie,Art-237,VISSERIE,MAT_PREM,Divers_Local,2026-10-03
ART-1238,Article Industriel 238 Hydraulique,Art-238,HYDRAULIQUE,PROD_FINI,Export_Eu,2026-10-03
ART-1239,Article Industriel 239 Electronique,Art-239,ELECTRONIQUE,COMPOSANT,Divers_Local,2026-10-03
ART-1240,Article Industriel 240 Plastique,Art-240,PLASTIQUE,EMBALLAGE,Interne,2026-10-03
ART-1241,Article Industriel 241 Divers,Art-241,DIVERS,EMBALLAGE,Client_Auto,2026-10-03
ART-1242,Article Industriel 242 Divers,Art-242,DIVERS,MAT_PREM,Interne,2026-10-03
ART-1243,Article Industriel 243 Visserie,Art-243,VISSERIE,MAT_PREM,Client_Aero,2026-10-03
ART-1244,Article Industriel 244 Electronique,Art-244,ELECTRONIQUE,PROD_FINI,Divers_Local,2026-10-03
ART-1245,Article Industriel 245 Divers,Art-245,DIVERS,MAT_PREM,Divers_Local,2026-10-03
ART-1246,Article Industriel 246 Emballage,Art-246,EMBALLAGE,COMPOSANT,Interne,2026-10-03
ART-1247,Article Industriel 247 Divers,Art-247,DIVERS,ACHAT_DIR,Client_Auto,2026-10-03
ART-1248,Article Industriel 248 Plastique,Art-248,PLASTIQUE,EMBALLAGE,Client_Auto,2026-10-03
ART-1249,Article Industriel 249 Plastique,Art-249,PLASTIQUE,MAT_PREM,Client_Aero,2026-10-03
ART-1250,Article Industriel 250 Hydraulique,Art-250,HYDRAULIQUE,DIVERS,Divers_Local,2026-10-03
ART-1251,Article Industriel 251 Emballage,Art-251,EMBALLAGE,MAT_PREM,Divers_Local,2026-10-03
ART-1252,Article Industriel 252 Hydraulique,Art-252,HYDRAULIQUE,PROD_FINI,Interne,2026-10-03
ART-1253,Article Industriel 253 Electronique,Art-253,ELECTRONIQUE,PROD_FINI,Client_Aero,2026-10-03
ART-1254,Article Industriel 254 Electronique,Art-254,ELECTRONIQUE,MAT_PREM,Export_Eu,2026-10-03
ART-1255,Article Industriel 255 Hydraulique,Art-255,HYDRAULIQUE,ACHAT_DIR,Client_Auto,2026-10-03
ART-1256,Article Industriel 256 Emballage,Art-256,EMBALLAGE,EMBALLAGE,Export_Eu,2026-10-03
ART-1257,Article Industriel 257 Divers,Art-257,DIVERS,PROD_FINI,Divers_Local,2026-10-03
ART-1258,Article Industriel 258 Plastique,Art-258,PLASTIQUE,PROD_FINI,Divers_Local,2026-10-03
ART-1259,Article Industriel 259 Emballage,Art-259,EMBALLAGE,PROD_FINI,Divers_Local,2026-10-03
ART-1260,Article Industriel 260 Metallurgie,Art-260,METALLURGIE,MAT_PREM,Divers_Local,2026-10-03
ART-1261,Article Industriel 261 Plastique,Art-261,PLASTIQUE,COMPOSANT,Client_Auto,2026-10-03
ART-1262,Article Industriel 262 Emballage,Art-262,EMBALLAGE,EMBALLAGE,Divers_Local,2026-10-03
ART-1263,Article Industriel 263 Emballage,Art-263,EMBALLAGE,PROD_FINI,Export_Eu,2026-10-03
ART-1264,Article Industriel 264 Hydraulique,Art-264,HYDRAULIQUE,PROD_FINI,Divers_Local,2026-10-03
ART-1265,Article Industriel 265 Emballage,Art-265,EMBALLAGE,MAT_PREM,Client_Auto,2026-10-03
ART-1266,Article Industriel 266 Metallurgie,Art-266,METALLURGIE,MAT_PREM,Export_Eu,2026-10-03
ART-1267,Article Industriel 267 Emballage,Art-267,EMBALLAGE,EMBALLAGE,Interne,2026-10-03
ART-1268,Article Industriel 268 Plastique,Art-268,PLASTIQUE,PROD_FINI,Export_Eu,2026-10-03
ART-1269,Article Industriel 269 Emballage,Art-269,EMBALLAGE,EMBALLAGE,Client_Aero,2026-10-03
ART-1270,Article Industriel 270 Hydraulique,Art-270,HYDRAULIQUE,COMPOSANT,Client_Aero,2026-10-03
ART-1271,Article Industriel 271 Emballage,Art-271,EMBALLAGE,PROD_FINI,Divers_Local,2026-10-03
ART-1272,Article Industriel 272 Plastique,Art-272,PLASTIQUE,MAT_PREM,Export_Eu,2026-10-03
ART-1273,Article Industriel 273 Electronique,Art-273,ELECTRONIQUE,PROD_FINI,Export_Eu,2026-10-03
ART-1274,Article Industriel 274 Metallurgie,Art-274,METALLURGIE,COMPOSANT,Divers_Local,2026-10-03
ART-1275,Article Industriel 275 Hydraulique,Art-275,HYDRAULIQUE,MAT_PREM,Interne,2026-10-03
ART-1276,Article Industriel 276 Emballage,Art-276,EMBALLAGE,COMPOSANT,Export_Eu,2026-10-03
ART-1277,Article Industriel 277 Hydraulique,Art-277,HYDRAULIQUE,ACHAT_DIR,Client_Aero,2026-10-03
ART-1278,Article Industriel 278 Metallurgie,Art-278,METALLURGIE,ACHAT_DIR,Client_Auto,2026-10-03
ART-1279,Article Industriel 279 Hydraulique,Art-279,HYDRAULIQUE,MAT_PREM,Interne,2026-10-03
ART-1280,Article Industriel 280 Visserie,Art-280,VISSERIE,COMPOSANT,Client_Auto,2026-10-03
ART-1281,Article Industriel 281 Plastique,Art-281,PLASTIQUE,ACHAT_DIR,Client_Aero,2026-10-03
ART-1282,Article Industriel 282 Hydraulique,Art-282,HYDRAULIQUE,MAT_PREM,Export_Eu,2026-10-03
ART-1283,Article Industriel 283 Visserie,Art-283,VISSERIE,ACHAT_DIR,Export_Eu,2026-10-03
ART-1284,Article Industriel 284 Metallurgie,Art-284,METALLURGIE,COMPOSANT,Client_Aero,2026-10-03
ART-1285,Article Industriel 285 Electronique,Art-285,ELECTRONIQUE,COMPOSANT,Interne,2026-10-03
ART-1286,Article Industriel 286 Metallurgie,Art-286,METALLURGIE,ACHAT_DIR,Export_Eu,2026-10-03
ART-1287,Article Industriel 287 Divers,Art-287,DIVERS,MAT_PREM,Client_Auto,2026-10-03
ART-1288,Article Industriel 288 Metallurgie,Art-288,METALLURGIE,ACHAT_DIR,Client_Aero,2026-10-03
ART-1289,Article Industriel 289 Plastique,Art-289,PLASTIQUE,COMPOSANT,Divers_Local,2026-10-03
ART-1290,Article Industriel 290 Visserie,Art-290,VISSERIE,EMBALLAGE,Interne,2026-10-03
ART-1291,Article Industriel 291 Visserie,Art-291,VISSERIE,ACHAT_DIR,Export_Eu,2026-10-03
ART-1292,Article Industriel 292 Emballage,Art-292,EMBALLAGE,ACHAT_DIR,Interne,2026-10-03
ART-1293,Article Industriel 293 Electronique,Art-293,ELECTRONIQUE,PROD_FINI,Client_Aero,2026-10-03
ART-1294,Article Industriel 294 Hydraulique,Art-294,HYDRAULIQUE,EMBALLAGE,Interne,2026-10-03
ART-1295,Article Industriel 295 Visserie,Art-295,VISSERIE,COMPOSANT,Divers_Local,2026-10-03
ART-1296,Article Industriel 296 Divers,Art-296,DIVERS,COMPOSANT,Client_Aero,2026-10-03
ART-1297,Article Industriel 297 Electronique,Art-297,ELECTRONIQUE,MAT_PREM,Client_Aero,2026-10-03
ART-1298,Article Industriel 298 Electronique,Art-298,ELECTRONIQUE,COMPOSANT,Client_Auto,2026-10-03
ART-1299,Article Industriel 299 Divers,Art-299,DIVERS,COMPOSANT,Divers_Local,2026-10-03
ART-1300,Article Industriel 300 Electronique,Art-300,ELECTRONIQUE,EMBALLAGE,Interne,2026-10-03
ART-1301,Article Industriel 301 Hydraulique,Art-301,HYDRAULIQUE,EMBALLAGE,Client_Aero,2026-10-03
ART-1302,Article Industriel 302 Electronique,Art-302,ELECTRONIQUE,COMPOSANT,Interne,2026-10-03
ART-1303,Article Industriel 303 Divers,Art-303,DIVERS,PROD_FINI,Divers_Local,2026-10-03
ART-1304,Article Industriel 304 Plastique,Art-304,PLASTIQUE,EMBALLAGE,Client_Aero,2026-10-03
ART-1305,Article Industriel 305 Electronique,Art-305,ELECTRONIQUE,EMBALLAGE,Interne,2026-10-03
ART-1306,Article Industriel 306 Electronique,Art-306,ELECTRONIQUE,PROD_FINI,Export_Eu,2026-10-03
ART-1307,Article Industriel 307 Divers,Art-307,DIVERS,ACHAT_DIR,Client_Aero,2026-10-03
ART-1308,Article Industriel 308 Hydraulique,Art-308,HYDRAULIQUE,EMBALLAGE,Interne,2026-10-03
ART-1309,Article Industriel 309 Divers,Art-309,DIVERS,MAT_PREM,Interne,2026-10-03
ART-1310,Article Industriel 310 Hydraulique,Art-310,HYDRAULIQUE,COMPOSANT,Export_Eu,2026-10-03
ART-1311,Article Industriel 311 Plastique,Art-311,PLASTIQUE,EMBALLAGE,Export_Eu,2026-10-03
ART-1312,Article Industriel 312 Emballage,Art-312,EMBALLAGE,ACHAT_DIR,Export_Eu,2026-10-03
ART-1313,Article Industriel 313 Divers,Art-313,DIVERS,COMPOSANT,Client_Auto,2026-10-03
ART-1314,Article Industriel 314 Metallurgie,Art-314,METALLURGIE,EMBALLAGE,Client_Aero,2026-10-03
ART-1315,Article Industriel 315 Metallurgie,Art-315,METALLURGIE,PROD_FINI,Client_Auto,2026-10-03
ART-1316,Article Industriel 316 Divers,Art-316,DIVERS,EMBALLAGE,Divers_Local,2026-10-03
ART-1317,Article Industriel 317 Emballage,Art-317,EMBALLAGE,PROD_FINI,Client_Auto,2026-10-03
ART-1318,Article Industriel 318 Electronique,Art-318,ELECTRONIQUE,MAT_PREM,Export_Eu,2026-10-03
ART-1319,Article Industriel 319 Hydraulique,Art-319,HYDRAULIQUE,ACHAT_DIR,Divers_Local,2026-10-03
ART-1320,Article Industriel 320 Electronique,Art-320,ELECTRONIQUE,ACHAT_DIR,Client_Aero,2026-10-03
ART-1321,Article Industriel 321 Hydraulique,Art-321,HYDRAULIQUE,MAT_PREM,Divers_Local,2026-10-03
ART-1322,Article Industriel 322 Emballage,Art-322,EMBALLAGE,PROD_FINI,Client_Aero,2026-10-03
ART-1323,Article Industriel 323 Electronique,Art-323,ELECTRONIQUE,COMPOSANT,Client_Auto,2026-10-03
ART-1324,Article Industriel 324 Plastique,Art-324,PLASTIQUE,PROD_FINI,Export_Eu,2026-10-03
ART-1325,Article Industriel 325 Plastique,Art-325,PLASTIQUE,MAT_PREM,Client_Auto,2026-10-03
ART-1326,Article Industriel 326 Visserie,Art-326,VISSERIE,PROD_FINI,Interne,2026-10-03
ART-1327,Article Industriel 327 Metallurgie,Art-327,METALLURGIE,ACHAT_DIR,Divers_Local,2026-10-03
ART-1328,Article Industriel 328 Emballage,Art-328,EMBALLAGE,MAT_PREM,Divers_Local,2026-10-03
ART-1329,Article Industriel 329 Metallurgie,Art-329,METALLURGIE,EMBALLAGE,Interne,2026-10-03
ART-1330,Article Industriel 330 Electronique,Art-330,ELECTRONIQUE,ACHAT_DIR,Client_Auto,2026-10-03
ART-1331,Article Industriel 331 Plastique,Art-331,PLASTIQUE,EMBALLAGE,Client_Auto,2026-10-03
ART-1332,Article Industriel 332 Metallurgie,Art-332,METALLURGIE,EMBALLAGE,Divers_Local,2026-10-03
ART-1333,Article Industriel 333 Plastique,Art-333,PLASTIQUE,PROD_FINI,Client_Aero,2026-10-03
ART-1334,Article Industriel 334 Electronique,Art-334,ELECTRONIQUE,MAT_PREM,Export_Eu,2026-10-03
ART-1335,Article Industriel 335 Emballage,Art-335,EMBALLAGE,MAT_PREM,Divers_Local,2026-10-03
ART-1336,Article Industriel 336 Emballage,Art-336,EMBALLAGE,EMBALLAGE,Divers_Local,2026-10-03
ART-1337,Article Industriel 337 Plastique,Art-337,PLASTIQUE,DIVERS,Divers_Local,2026-10-03
ART-1338,Article Industriel 338 Emballage,Art-338,EMBALLAGE,ACHAT_DIR,Interne,2026-10-03
ART-1339,Article Industriel 339 Metallurgie,Art-339,METALLURGIE,MAT_PREM,Client_Aero,2026-10-03
ART-1340,Article Industriel 340 Divers,Art-340,DIVERS,PROD_FINI,Client_Auto,2026-10-03
ART-1341,Article Industriel 341 Emballage,Art-341,EMBALLAGE,MAT_PREM,Client_Aero,2026-10-03
ART-1342,Article Industriel 342 Metallurgie,Art-342,METALLURGIE,PROD_FINI,Client_Auto,2026-10-03
ART-1343,Article Industriel 343 Emballage,Art-343,EMBALLAGE,EMBALLAGE,Client_Aero,2026-10-03
ART-1344,Article Industriel 344 Electronique,Art-344,ELECTRONIQUE,ACHAT_DIR,Interne,2026-10-03
ART-1345,Article Industriel 345 Divers,Art-345,DIVERS,ACHAT_DIR,Client_Auto,2026-10-03
ART-1346,Article Industriel 346 Hydraulique,Art-346,HYDRAULIQUE,EMBALLAGE,Divers_Local,2026-10-03
ART-1347,Article Industriel 347 Divers,Art-347,DIVERS,ACHAT_DIR,Export_Eu,2026-10-03
ART-1348,Article Industriel 348 Metallurgie,Art-348,METALLURGIE,ACHAT_DIR,Client_Auto,2026-10-03
ART-1349,Article Industriel 349 Metallurgie,Art-349,METALLURGIE,PROD_FINI,Client_Auto,2026-10-03
ART-1350,Article Industriel 350 Electronique,Art-350,ELECTRONIQUE,EMBALLAGE,Client_Auto,2026-10-03
ART-1351,Article Industriel 351 Metallurgie,Art-351,METALLURGIE,COMPOSANT,Interne,2026-10-03
ART-1352,Article Industriel 352 Emballage,Art-352,EMBALLAGE,PROD_FINI,Client_Aero,2026-10-03
ART-1353,Article Industriel 353 Emballage,Art-353,EMBALLAGE,COMPOSANT,Divers_Local,2026-10-03
ART-1354,Article Industriel 354 Emballage,Art-354,EMBALLAGE,ACHAT_DIR,Client_Aero,2026-10-03
ART-1355,Article Industriel 355 Metallurgie,Art-355,METALLURGIE,PROD_FINI,Client_Auto,2026-10-03
ART-1356,Article Industriel 356 Hydraulique,Art-356,HYDRAULIQUE,EMBALLAGE,Interne,2026-10-03
ART-1357,Article Industriel 357 Visserie,Art-357,VISSERIE,COMPOSANT,Client_Auto,2026-10-03
ART-1358,Article Industriel 358 Plastique,Art-358,PLASTIQUE,COMPOSANT,Client_Auto,2026-10-03
ART-1359,Article Industriel 359 Hydraulique,Art-359,HYDRAULIQUE,COMPOSANT,Export_Eu,2026-10-03
ART-1360,Article Industriel 360 Divers,Art-360,DIVERS,MAT_PREM,Client_Aero,2026-10-03
ART-1361,Article Industriel 361 Plastique,Art-361,PLASTIQUE,PROD_FINI,Export_Eu,2026-10-03
ART-1362,Article Industriel 362 Plastique,Art-362,PLASTIQUE,EMBALLAGE,Export_Eu,2026-10-03
ART-1363,Article Industriel 363 Electronique,Art-363,ELECTRONIQUE,PROD_FINI,Client_Aero,2026-10-03
ART-1364,Article Industriel 364 Electronique,Art-364,ELECTRONIQUE,PROD_FINI,Client_Auto,2026-10-03
ART-1365,Article Industriel 365 Visserie,Art-365,VISSERIE,EMBALLAGE,Client_Auto,2026-10-03
ART-1366,Article Industriel 366 Metallurgie,Art-366,METALLURGIE,COMPOSANT,Client_Auto,2026-10-03
ART-1367,Article Industriel 367 Divers,Art-367,DIVERS,EMBALLAGE,Divers_Local,2026-10-03
ART-1368,Article Industriel 368 Metallurgie,Art-368,METALLURGIE,MAT_PREM,Client_Aero,2026-10-03
ART-1369,Article Industriel 369 Plastique,Art-369,PLASTIQUE,EMBALLAGE,Client_Auto,2026-10-03
ART-1370,Article Industriel 370 Metallurgie,Art-370,METALLURGIE,ACHAT_DIR,Divers_Local,2026-10-03
ART-1371,Article Industriel 371 Electronique,Art-371,ELECTRONIQUE,MAT_PREM,Client_Auto,2026-10-03
ART-1372,Article Industriel 372 Emballage,Art-372,EMBALLAGE,ACHAT_DIR,Client_Aero,2026-10-03
ART-1373,Article Industriel 373 Metallurgie,Art-373,METALLURGIE,EMBALLAGE,Client_Aero,2026-10-03
ART-1374,Article Industriel 374 Visserie,Art-374,VISSERIE,COMPOSANT,Export_Eu,2026-10-03
ART-1375,Article Industriel 375 Hydraulique,Art-375,HYDRAULIQUE,EMBALLAGE,Interne,2026-10-03
ART-1376,Article Industriel 376 Emballage,Art-376,EMBALLAGE,EMBALLAGE,Divers_Local,2026-10-03
ART-1377,Article Industriel 377 Divers,Art-377,DIVERS,ACHAT_DIR,Client_Auto,2026-10-03
ART-1378,Article Industriel 378 Emballage,Art-378,EMBALLAGE,ACHAT_DIR,Export_Eu,2026-10-03
ART-1379,Article Industriel 379 Plastique,Art-379,PLASTIQUE,EMBALLAGE,Client_Aero,2026-10-03
ART-1380,Article Industriel 380 Plastique,Art-380,PLASTIQUE,COMPOSANT,Client_Auto,2026-10-03
ART-1381,Article Industriel 381 Metallurgie,Art-381,METALLURGIE,EMBALLAGE,Client_Auto,2026-10-03
ART-1382,Article Industriel 382 Visserie,Art-382,VISSERIE,EMBALLAGE,Divers_Local,2026-10-03
ART-1383,Article Industriel 383 Hydraulique,Art-383,HYDRAULIQUE,EMBALLAGE,Export_Eu,2026-10-03
ART-1384,Article Industriel 384 Electronique,Art-384,ELECTRONIQUE,PROD_FINI,Client_Auto,2026-10-03
ART-1385,Article Industriel 385 Emballage,Art-385,EMBALLAGE,EMBALLAGE,Client_Aero,2026-10-03
ART-1386,Article Industriel 386 Plastique,Art-386,PLASTIQUE,ACHAT_DIR,Divers_Local,2026-10-03
ART-1387,Article Industriel 387 Divers,Art-387,DIVERS,MAT_PREM,Export_Eu,2026-10-03
ART-1388,Article Industriel 388 Metallurgie,Art-388,METALLURGIE,ACHAT_DIR,Divers_Local,2026-10-03
ART-1389,Article Industriel 389 Divers,Art-389,DIVERS,MAT_PREM,Interne,2026-10-03
ART-1390,Article Industriel 390 Visserie,Art-390,VISSERIE,EMBALLAGE,Export_Eu,2026-10-03
ART-1391,Article Industriel 391 Plastique,Art-391,PLASTIQUE,EMBALLAGE,Client_Aero,2026-10-03
ART-1392,Article Industriel 392 Plastique,Art-392,PLASTIQUE,MAT_PREM,Client_Aero,2026-10-03
ART-1393,Article Industriel 393 Hydraulique,Art-393,HYDRAULIQUE,EMBALLAGE,Interne,2026-10-03
ART-1394,Article Industriel 394 Hydraulique,Art-394,HYDRAULIQUE,PROD_FINI,Client_Auto,2026-10-03
ART-1395,Article Industriel 395 Metallurgie,Art-395,METALLURGIE,COMPOSANT,Client_Auto,2026-10-03
ART-1396,Article Industriel 396 Hydraulique,Art-396,HYDRAULIQUE,EMBALLAGE,INTERNE,2026-10-03
ART-1397,Article Industriel 397 Hydraulique,Art-397,HYDRAULIQUE,EMBALLAGE,Interne,2026-10-03
ART-1398,Article Industriel 398 Hydraulique,Art-398,HYDRAULIQUE,MAT_PREM,Export_Eu,2026-10-03
ART-1399,Article Industriel 399 Metallurgie,Art-399,METALLURGIE,MAT_PREM,Interne,2026-10-03
ART-1400,Article Industriel 400 Electronique,Art-400,ELECTRONIQUE,ACHAT_DIR,Divers_Local,2026-10-03
ART-1401,Article Industriel 401 Visserie,Art-401,VISSERIE,COMPOSANT,Interne,2026-10-03
ART-1402,Article Industriel 402 Plastique,Art-402,PLASTIQUE,MAT_PREM,Export_Eu,2026-10-03
ART-1403,Article Industriel 403 Emballage,Art-403,EMBALLAGE,MAT_PREM,Client_Auto,2026-10-03
ART-1404,Article Industriel 404 Emballage,Art-404,EMBALLAGE,MAT_PREM,Interne,2026-10-03
ART-1405,Article Industriel 405 Plastique,Art-405,PLASTIQUE,PROD_FINI,Interne,2026-10-03
ART-1406,Article Industriel 406 Emballage,Art-406,EMBALLAGE,MAT_PREM,Client_Aero,2026-10-03
ART-1407,Article Industriel 407 Divers,Art-407,DIVERS,PROD_FINI,Client_Aero,2026-10-03
ART-1408,Article Industriel 408 Plastique,Art-408,PLASTIQUE,PROD_FINI,Divers_Local,2026-10-03
ART-1409,Article Industriel 409 Metallurgie,Art-409,METALLURGIE,MAT_PREM,Interne,2026-10-03
ART-1410,Article Industriel 410 Divers,Art-410,DIVERS,PROD_FINI,Export_Eu,2026-10-03
ART-1411,Article Industriel 411 Metallurgie,Art-411,METALLURGIE,COMPOSANT,Export_Eu,2026-10-03
ART-1412,Article Industriel 412 Emballage,Art-412,ÉMBALLAGÉ,COMPOSANT,Interne,2026-10-03
ART-1413,Article Industriel 413 Plastique,Art-413,PLASTIQUE,ACHAT_DIR,Divers_Local,2026-10-03
ART-1414,Article Industriel 414 Divers,Art-414,DIVERS,MAT_PREM,Interne,2026-10-03
ART-1415,Article Industriel 415 Emballage,Art-415,EMBALLAGE,PROD_FINI,Client_Auto,2026-10-03
ART-1416,Article Industriel 416 Hydraulique,Art-416,HYDRAULIQUE,MAT_PREM,Divers_Local,2026-10-03
ART-1417,Article Industriel 417 Divers,Art-417,DIVERS,MAT_PREM,Interne,2026-10-03
ART-1418,Article Industriel 418 Hydraulique,Art-418,HYDRAULIQUE,ACHAT_DIR,Export_Eu,2026-10-03
ART-1419,Article Industriel 419 Electronique,Art-419,ELECTRONIQUE,EMBALLAGE,Export_Eu,2026-10-03
ART-1420,Article Industriel 420 Metallurgie,Art-420,METALLURGIE,PROD_FINI,Interne,2026-10-03
ART-1421,Article Industriel 421 Visserie,Art-421,VISSERIE,ACHAT_DIR,Interne,2026-10-03
ART-1422,Article Industriel 422 Electronique,Art-422,ELECTRONIQUE,PROD_FINI,Client_Auto,2026-10-03
ART-1423,Article Industriel 423 Visserie,Art-423,VISSERIE,COMPOSANT,Divers_Local,2026-10-03
ART-1424,Article Industriel 424 Emballage,Art-424,EMBALLAGE,ACHAT_DIR,Client_Aero,2026-10-03
ART-1425,Article Industriel 425 Emballage,Art-425,EMBALLAGE,MAT_PREM,Export_Eu,2026-10-03
ART-1426,Article Industriel 426 Emballage,Art-426,EMBALLAGE,ACHAT_DIR,Client_Aero,2026-10-03
ART-1427,Article Industriel 427 Emballage,Art-427,EMBALLAGE,MAT_PREM,Interne,2026-10-03
ART-1428,Article Industriel 428 Hydraulique,Art-428,HYDRAULIQUE,ACHAT_DIR,Interne,2026-10-03
ART-1429,Article Industriel 429 Metallurgie,Art-429,METALLURGIE,COMPOSANT,Interne,2026-10-03
ART-1430,Article Industriel 430 Visserie,Art-430,VISSERIE,ACHAT_DIR,Interne,2026-10-03
ART-1431,Article Industriel 431 Electronique,Art-431,ELECTRONIQUE,COMPOSANT,Interne,2026-10-03
ART-1432,Article Industriel 432 Visserie,Art-432,VISSERIE,EMBALLAGE,Interne,2026-10-03
ART-1433,Article Industriel 433 Emballage,Art-433,EMBALLAGE,EMBALLAGE,Export_Eu,2026-10-03
ART-1434,Article Industriel 434 Visserie,Art-434,VISSERIE,DIVERS,Client_Aero,2026-10-03
ART-1435,Article Industriel 435 Hydraulique,Art-435,HYDRAULIQUE,EMBALLAGE,Divers_Local,2026-10-03
ART-1436,Article Industriel 436 Electronique,Art-436,ELECTRONIQUE,PROD_FINI,Client_Aero,2026-10-03
ART-1437,Article Industriel 437 Metallurgie,Art-437,METALLURGIE,PROD_FINI,Interne,2026-10-03
ART-1438,Article Industriel 438 Electronique,Art-438,ELECTRONIQUE,ACHAT_DIR,Client_Aero,2026-10-03
ART-1439,Article Industriel 439 Electronique,Art-439,ELECTRONIQUE,COMPOSANT,Export_Eu,2026-10-03
ART-1440,Article Industriel 440 Divers,Art-440,DIVERS,ACHAT_DIR,Export_Eu,2026-10-03
ART-1441,Article Industriel 441 Emballage,Art-441,EMBALLAGE,EMBALLAGE,Client_Aero,2026-10-03
ART-1442,Article Industriel 442 Metallurgie,Art-442,METALLURGIE,EMBALLAGE,Divers_Local,2026-10-03
ART-1443,Article Industriel 443 Emballage,Art-443,EMBALLAGE,ACHAT_DIR,Client_Aero,2026-10-03
ART-1444,Article Industriel 444 Hydraulique,Art-444,HYDRAULIQUE,COMPOSANT,Export_Eu,2026-10-03
ART-1445,Article Industriel 445 Emballage,Art-445,EMBALLAGE,PROD_FINI,Client_Aero,2026-10-03
ART-1446,Article Industriel 446 Emballage,Art-446,EMBALLAGE,MAT_PREM,Interne,2026-10-03
ART-1447,Article Industriel 447 Hydraulique,Art-447,HYDRAULIQUE,EMBALLAGE,Client_Auto,2026-10-03
ART-1448,Article Industriel 448 Plastique,Art-448,PLASTIQUE,EMBALLAGE,Export_Eu,2026-10-03
ART-1449,Article Industriel 449 Divers,Art-449,DIVERS,ACHAT_DIR,Client_Auto,2026-10-03
ART-1450,Article Industriel 450 Electronique,Art-450,ELECTRONIQUE,EMBALLAGE,Client_Auto,2026-10-03
ART-1451,Article Industriel 451 Hydraulique,Art-451,HYDRAULIQUE,MAT_PREM,Client_Aero,2026-10-03
ART-1452,Article Industriel 452 Metallurgie,Art-452,MÉTALLURGYÉ,COMPOSANT,Export_Eu,2026-10-03
ART-1453,Article Industriel 453 Plastique,Art-453,PLASTIQUE,EMBALLAGE,Divers_Local,2026-10-03
ART-1454,Article Industriel 454 Plastique,Art-454,PLASTIQUE,COMPOSANT,Divers_Local,2026-10-03
ART-1455,Article Industriel 455 Emballage,Art-455,EMBALLAGE,COMPOSANT,Client_Auto,2026-10-03
ART-1456,Article Industriel 456 Hydraulique,Art-456,HYDRAULIQUE,COMPOSANT,Export_Eu,2026-10-03
ART-1457,Article Industriel 457 Divers,Art-457,DIVERS,COMPOSANT,Client_Auto,2026-10-03
ART-1458,Article Industriel 458 Divers,Art-458,DIVERS,MAT_PREM,Interne,2026-10-03
ART-1459,Article Industriel 459 Divers,Art-459,DIVERS,PROD_FINI,Export_Eu,2026-10-03
ART-1460,Article Industriel 460 Visserie,Art-460,VISSERIE,PROD_FINI,Client_Auto,2026-10-03
ART-1461,Article Industriel 461 Electronique,Art-461,ELECTRONIQUE,EMBALLAGE,Client_Auto,2026-10-03
ART-1462,Article Industriel 462 Metallurgie,Art-462,METALLURGIE,ACHAT_DIR,Interne,2026-10-03
ART-1463,Article Industriel 463 Emballage,Art-463,EMBALLAGE,PROD_FINI,Export_Eu,2026-10-03
ART-1464,Article Industriel 464 Electronique,Art-464,ELECTRONIQUE,EMBALLAGE,Export_Eu,2026-10-03
ART-1465,Article Industriel 465 Electronique,Art-465,ELECTRONIQUE,EMBALLAGE,Client_Aero,2026-10-03
ART-1466,Article Industriel 466 Metallurgie,Art-466,METALLURGIE,MAT_PREM,Export_Eu,2026-10-03
ART-1467,Article Industriel 467 Visserie,Art-467,VISSERIE,COMPOSANT,Divers_Local,2026-10-03
ART-1468,Article Industriel 468 Plastique,Art-468,PLASTIQUE,EMBALLAGE,Divers_Local,2026-10-03
ART-1469,Article Industriel 469 Electronique,Art-469,ELECTRONIQUE,PROD_FINI,Interne,2026-10-03
ART-1470,Article Industriel 470 Hydraulique,Art-470,HYDRAULIQUE,ACHAT_DIR,Client_Aero,2026-10-03
ART-1471,Article Industriel 471 Hydraulique,Art-471,HYDRAULIQUE,EMBALLAGE,Export_Eu,2026-10-03
ART-1472,Article Industriel 472 Divers,Art-472,DIVERS,ACHAT_DIR,Divers_Local,2026-10-03
ART-1473,Article Industriel 473 Hydraulique,Art-473,HYDRAULIQUE,EMBALLAGE,Client_Aero,2026-10-03
ART-1474,Article Industriel 474 Electronique,Art-474,ELECTRONIQUE,ACHAT_DIR,Export_Eu,2026-10-03
ART-1475,Article Industriel 475 Hydraulique,Art-475,HYDRAULIQUE,COMPOSANT,Export_Eu,2026-10-03
ART-1476,Article Industriel 476 Electronique,Art-476,ELECTRONIQUE,EMBALLAGE,Client_Auto,2026-10-03
ART-1477,Article Industriel 477 Hydraulique,Art-477,HYDRAULIQUE,COMPOSANT,Interne,2026-10-03
ART-1478,Article Industriel 478 Hydraulique,Art-478,HYDRAULIQUE,PROD_FINI,Divers_Local,2026-10-03
ART-1479,Article Industriel 479 Visserie,Art-479,VISSERIE,PROD_FINI,Divers_Local,2026-10-03
ART-1480,Article Industriel 480 Hydraulique,Art-480,HYDRAULIQUE,MAT_PREM,Client_Aero,2026-10-03
ART-1481,Article Industriel 481 Electronique,Art-481,ELECTRONIQUE,ACHAT_DIR,Client_Aero,2026-10-03
ART-1482,Article Industriel 482 Emballage,Art-482,EMBALLAGE,PROD_FINI,Export_Eu,2026-10-03
ART-1483,Article Industriel 483 Plastique,Art-483,PLASTIQUE,PROD_FINI,Client_Aero,2026-10-03
ART-1484,Article Industriel 484 Electronique,Art-484,ELECTRONIQUE,EMBALLAGE,Export_Eu,2026-10-03
ART-1485,Article Industriel 485 Hydraulique,Art-485,HYDRAULIQUE,ACHAT_DIR,Divers_Local,2026-10-03
ART-1486,Article Industriel 486 Emballage,Art-486,EMBALLAGE,ACHAT_DIR,Client_Auto,2026-10-03
ART-1487,Article Industriel 487 Divers,Art-487,DIVERS,COMPOSANT,Client_Aero,2026-10-03
ART-1488,Article Industriel 488 Visserie,Art-488,VISSERIE,PROD_FINI,Client_Aero,2026-10-03
ART-1489,Article Industriel 489 Hydraulique,Art-489,HYDRAULIQUE,PROD_FINI,Export_Eu,2026-10-03
ART-1490,Article Industriel 490 Hydraulique,Art-490,HYDRAULIQUE,PROD_FINI,Divers_Local,2026-10-03
ART-1491,Article Industriel 491 Hydraulique,Art-491,HYDRAULIQUE,MAT_PREM,Export_Eu,2026-10-03
ART-1492,Article Industriel 492 Electronique,Art-492,ELECTRONIQUE,ACHAT_DIR,Client_Aero,2026-10-03
ART-1493,Article Industriel 493 Plastique,Art-493,PLASTIQUE,COMPOSANT,Export_Eu,2026-10-03
ART-1494,Article Industriel 494 Visserie,Art-494,VISSERIE,MAT_PREM,Interne,2026-10-03
ART-1495,Article Industriel 495 Divers,Art-495,DIVERS,COMPOSANT,Interne,2026-10-03
ART-1496,Article Industriel 496 Electronique,Art-496,ELECTRONIQUE,PROD_FINI,Interne,2026-10-03
ART-1497,Article Industriel 497 Electronique,Art-497,ELECTRONIQUE,EMBALLAGE,Interne,2026-10-03
ART-1498,Article Industriel 498 Visserie,Art-498,VISSERIE,MAT_PREM,Export_Eu,2026-10-03
ART-1499,Article Industriel 499 Divers,Art-499,DIVERS,COMPOSANT,Divers_Local,2026-10-03
ART-1500,Article Industriel 500 Metallurgie,Art-500,METALLURGIE,EMBALLAGE,Client_Auto,2026-10-03
ART-1501,Article Industriel 501 Metallurgie,Art-501,METALLURGIE,COMPOSANT,Interne,2026-10-03
ART-1502,Article Industriel 502 Plastique,Art-502,PLASTIQUE,MAT_PREM,Client_Aero,2026-10-03
ART-1503,Article Industriel 503 Hydraulique,Art-503,HYDRAULIQUE,EMBALLAGE,Divers_Local,2026-10-03
ART-1504,Article Industriel 504 Visserie,Art-504,VISSERIE,MAT_PREM,Client_Auto,2026-10-03
ART-1505,Article Industriel 505 Metallurgie,Art-505,METALLURGIE,EMBALLAGE,Interne,2026-10-03
ART-1506,Article Industriel 506 Visserie,Art-506,VISSERIE,ACHAT_DIR,Interne,2026-10-03
ART-1507,Article Industriel 507 Electronique,Art-507,ELECTRONIQUE,MAT_PREM,Interne,2026-10-03
ART-1508,Article Industriel 508 Plastique,Art-508,PLASTIQUE,PROD_FINI,Client_Auto,2026-10-03
ART-1509,Article Industriel 509 Emballage,Art-509,EMBALLAGE,ACHAT_DIR,Divers_Local,2026-10-03
ART-1510,Article Industriel 510 Hydraulique,Art-510,HYDRAULIQUE,MAT_PREM,Client_Aero,2026-10-03
ART-1511,Article Industriel 511 Plastique,Art-511,PLASTIQUE,MAT_PREM,Client_Auto,2026-10-03
ART-1512,Article Industriel 512 Divers,Art-512,DIVERS,EMBALLAGE,Client_Aero,2026-10-03
ART-1513,Article Industriel 513 Divers,Art-513,DIVERS,ACHAT_DIR,Client_Aero,2026-10-03
ART-1514,Article Industriel 514 Emballage,Art-514,EMBALLAGE,ACHAT_DIR,Client_Aero,2026-10-03
ART-1515,Article Industriel 515 Plastique,Art-515,PLASTIQUE,ACHAT_DIR,Client_Auto,2026-10-03
ART-1516,Article Industriel 516 Metallurgie,Art-516,METALLURGIE,EMBALLAGE,Client_Aero,2026-10-03
ART-1517,Article Industriel 517 Metallurgie,Art-517,METALLURGIE,COMPOSANT,Client_Aero,2026-10-03
ART-1518,Article Industriel 518 Emballage,Art-518,EMBALLAGE,ACHAT_DIR,Client_Auto,2026-10-03
ART-1519,Article Industriel 519 Metallurgie,Art-519,METALLURGIE,COMPOSANT,Export_Eu,2026-10-03
ART-1520,Article Industriel 520 Divers,Art-520,DIVERS,ACHAT_DIR,Export_Eu,2026-10-03
ART-1521,Article Industriel 521 Visserie,Art-521,VISSERIE,ACHAT_DIR,Divers_Local,2026-10-03
ART-1522,Article Industriel 522 Electronique,Art-522,ELECTRONIQUE,MAT_PREM,Export_Eu,2026-10-03
ART-1523,Article Industriel 523 Emballage,Art-523,EMBALLAGE,PROD_FINI,Interne,2026-10-03
ART-1524,Article Industriel 524 Electronique,Art-524,ELECTRONIQUE,PROD_FINI,Client_Aero,2026-10-03
ART-1525,Article Industriel 525 Hydraulique,Art-525,HYDRAULIQUE,MAT_PREM,Client_Aero,2026-10-03
ART-1526,Article Industriel 526 Plastique,Art-526,PLASTIQUE,PROD_FINI,Export_Eu,2026-10-03
ART-1527,Article Industriel 527 Plastique,Art-527,PLASTIQUE,ACHAT_DIR,Interne,2026-10-03
ART-1528,Article Industriel 528 Visserie,Art-528,VISSERIE,PROD_FINI,Client_Aero,2026-10-03
ART-1529,Article Industriel 529 Visserie,Art-529,VISSERIE,EMBALLAGE,Interne,2026-10-03
ART-1530,Article Industriel 530 Metallurgie,Art-530,METALLURGIE,ACHAT_DIR,Divers_Local,2026-10-03
ART-1531,Article Industriel 531 Metallurgie,Art-531,METALLURGIE,COMPOSANT,Client_Aero,2026-10-03
ART-1532,Article Industriel 532 Visserie,Art-532,VISSERIE,PROD_FINI,Interne,2026-10-03
ART-1533,Article Industriel 533 Hydraulique,Art-533,HYDRAULIQUE,COMPOSANT,Client_Aero,2026-10-03
ART-1534,Article Industriel 534 Electronique,Art-534,ELECTRONIQUE,EMBALLAGE,Export_Eu,2026-10-03
ART-1535,Article Industriel 535 Visserie,Art-535,VISSERIE,PROD_FINI,Client_Auto,2026-10-03
ART-1536,Article Industriel 536 Hydraulique,Art-536,HYDRAULIQUE,ACHAT_DIR,Client_Auto,2026-10-03
ART-1537,Article Industriel 537 Electronique,Art-537,ELECTRONIQUE,PROD_FINI,Interne,2026-10-03
ART-1538,Article Industriel 538 Metallurgie,Art-538,METALLURGIE,MAT_PREM,Client_Auto,2026-10-03
ART-1539,Article Industriel 539 Divers,Art-539,DIVERS,PROD_FINI,Client_Auto,2026-10-03
ART-1540,Article Industriel 540 Electronique,Art-540,ELECTRONIQUE,PROD_FINI,Client_Aero,2026-10-03
ART-1541,Article Industriel 541 Hydraulique,Art-541,HYDRAULIQUE,PROD_FINI,Export_Eu,2026-10-03
ART-1542,Article Industriel 542 Visserie,Art-542,VISSERIE,MAT_PREM,Interne,2026-10-03
ART-1543,Article Industriel 543 Plastique,Art-543,PLASTIQUE,COMPOSANT,Export_Eu,2026-10-03
ART-1544,Article Industriel 544 Divers,Art-544,DIVERS,ACHAT_DIR,Export_Eu,2026-10-03
ART-1545,Article Industriel 545 Hydraulique,Art-545,HYDRAULIQUE,EMBALLAGE,Interne,2026-10-03
ART-1546,Article Industriel 546 Visserie,Art-546,VISSERIE,EMBALLAGE,Export_Eu,2026-10-03
ART-1547,Article Industriel 547 Electronique,Art-547,ELECTRONIQUE,COMPOSANT,Client_Aero,2026-10-03
ART-1548,Article Industriel 548 Electronique,Art-548,ELECTRONIQUE,EMBALLAGE,Export_Eu,2026-10-03
ART-1549,Article Industriel 549 Hydraulique,Art-549,HYDRAULIQUE,ACHAT_DIR,Client_Auto,2026-10-03
ART-1550,Article Industriel 550 Divers,Art-550,DIVERS,EMBALLAGE,Export_Eu,2026-10-03
ART-1551,Article Industriel 551 Metallurgie,Art-551,METALLURGIE,MAT_PREM,Export_Eu,2026-10-03
ART-1552,Article Industriel 552 Divers,Art-552,DIVERS,MAT_PREM,Client_Aero,2026-10-03
ART-1553,Article Industriel 553 Metallurgie,Art-553,METALLURGIE,COMPOSANT,Client_Auto,2026-10-03
ART-1554,Article Industriel 554 Divers,Art-554,DIVERS,COMPOSANT,Client_Auto,2026-10-03
ART-1555,Article Industriel 555 Visserie,Art-555,VISSERIE,MAT_PREM,Interne,2026-10-03
ART-1556,Article Industriel 556 Plastique,Art-556,PLASTIQUE,ACHAT_DIR,Client_Aero,2026-10-03
ART-1557,Article Industriel 557 Divers,Art-557,DIVERS,MAT_PREM,Interne,2026-10-03
ART-1558,Article Industriel 558 Emballage,Art-558,EMBALLAGE,COMPOSANT,Export_Eu,2026-10-03
ART-1559,Article Industriel 559 Divers,Art-559,DIVERS,MAT_PREM,Client_Aero,2026-10-03
ART-1560,Article Industriel 560 Emballage,Art-560,EMBALLAGE,PROD_FINI,Divers_Local,2026-10-03
ART-1561,Article Industriel 561 Metallurgie,Art-561,METALLURGIE,ACHAT_DIR,Interne,2026-10-03
ART-1562,Article Industriel 562 Electronique,Art-562,ELECTRONIQUE,EMBALLAGE,Export_Eu,2026-10-03
ART-1563,Article Industriel 563 Hydraulique,Art-563,HYDRAULIQUE,PROD_FINI,Client_Auto,2026-10-03
ART-1564,Article Industriel 564 Divers,Art-564,DIVERS,EMBALLAGE,Client_Auto,2026-10-03
ART-1565,Article Industriel 565 Electronique,Art-565,ELECTRONIQUE,EMBALLAGE,Interne,2026-10-03
ART-1566,Article Industriel 566 Visserie,Art-566,VISSERIE,EMBALLAGE,Client_Auto,2026-10-03
ART-1567,Article Industriel 567 Hydraulique,Art-567,HYDRAULIQUE,EMBALLAGE,Divers_Local,2026-10-03
ART-1568,Article Industriel 568 Hydraulique,Art-568,HYDRAULIQUE,COMPOSANT,Export_Eu,2026-10-03
ART-1569,Article Industriel 569 Electronique,Art-569,ELECTRONIQUE,MAT_PREM,Interne,2026-10-03
ART-1570,Article Industriel 570 Emballage,Art-570,EMBALLAGE,PROD_FINI,Client_Auto,2026-10-03
ART-1571,Article Industriel 571 Hydraulique,Art-571,HYDRAULIQUE,EMBALLAGE,Client_Auto,2026-10-03
ART-1572,Article Industriel 572 Electronique,Art-572,ELECTRONIQUE,EMBALLAGE,Interne,2026-10-03
ART-1573,Article Industriel 573 Hydraulique,Art-573,HYDRAULIQUE,EMBALLAGE,Divers_Local,2026-10-03
ART-1574,Article Industriel 574 Emballage,Art-574,EMBALLAGE,ACHAT_DIR,Client_Aero,2026-10-03
ART-1575,Article Industriel 575 Visserie,Art-575,VISSERIE,EMBALLAGE,Interne,2026-10-03
ART-1576,Article Industriel 576 Visserie,Art-576,VISSERIE,COMPOSANT,Divers_Local,2026-10-03
ART-1577,Article Industriel 577 Hydraulique,Art-577,HYDRAULIQUE,COMPOSANT,Interne,2026-10-03
ART-1578,Article Industriel 578 Visserie,Art-578,DIVERS,EMBALLAGE,Client_Aero,2026-10-03
ART-1579,Article Industriel 579 Emballage,Art-579,EMBALLAGE,ACHAT_DIR,Divers_Local,2026-10-03
ART-1580,Article Industriel 580 Emballage,Art-580,EMBALLAGE,MAT_PREM,Client_Auto,2026-10-03
ART-1581,Article Industriel 581 Electronique,Art-581,ELECTRONIQUE,ACHAT_DIR,Divers_Local,2026-10-03
ART-1582,Article Industriel 582 Metallurgie,Art-582,METALLURGIE,EMBALLAGE,Interne,2026-10-03
ART-1583,Article Industriel 583 Visserie,Art-583,VISSERIE,PROD_FINI,Interne,2026-10-03
ART-1584,Article Industriel 584 Divers,Art-584,DIVERS,COMPOSANT,Interne,2026-10-03
ART-1585,Article Industriel 585 Divers,Art-585,DIVERS,EMBALLAGE,Client_Aero,2026-10-03
ART-1586,Article Industriel 586 Electronique,Art-586,ELECTRONIQUE,EMBALLAGE,Divers_Local,2026-10-03
ART-1587,Article Industriel 587 Emballage,Art-587,EMBALLAGE,MAT_PREM,Client_Aero,2026-10-03
ART-1588,Article Industriel 588 Plastique,Art-588,PLASTIQUE,COMPOSANT,Export_Eu,2026-10-03
ART-1589,Article Industriel 589 Divers,Art-589,DIVERS,PROD_FINI,Export_Eu,2026-10-03
ART-1590,Article Industriel 590 Hydraulique,Art-590,HYDRAULIQUE,EMBALLAGE,Client_Aero,2026-10-03
ART-1591,Article Industriel 591 Electronique,Art-591,ELECTRONIQUE,EMBALLAGE,Client_Auto,2026-10-03
ART-1592,Article Industriel 592 Visserie,Art-592,VISSERIE,MAT_PREM,Client_Aero,2026-10-03
ART-1593,Article Industriel 593 Electronique,Art-593,ELECTRONIQUE,ACHAT_DIR,Divers_Local,2026-10-03
ART-1594,Article Industriel 594 Emballage,Art-594,EMBALLAGE,PROD_FINI,Interne,2026-10-03
ART-1595,Article Industriel 595 Electronique,Art-595,ELECTRONIQUE,PROD_FINI,Interne,2026-10-03
ART-1596,Article Industriel 596 Hydraulique,Art-596,HYDRAULIQUE,ACHAT_DIR,Client_Auto,2026-10-03
ART-1597,Article Industriel 597 Visserie,Art-597,VISSERIE,ACHAT_DIR,Client_Auto,2026-10-03
ART-1598,Article Industriel 598 Metallurgie,Art-598,METALLURGIE,MAT_PREM,Client_Auto,2026-10-03
ART-1599,Article Industriel 599 Plastique,Art-599,PLASTIQUE,MAT_PREM,Export_Eu,2026-10-03
ART-1600,Article Industriel 600 Metallurgie,Art-600,METALLURGIE,MAT_PREM,Interne,2026-10-03
ART-1601,Article Industriel 601 Electronique,Art-601,ELECTRONIQUE,PROD_FINI,Export_Eu,2026-10-03
ART-1602,Article Industriel 602 Metallurgie,Art-602,METALLURGIE,COMPOSANT,Interne,2026-10-03
ART-1603,Article Industriel 603 Divers,Art-603,DIVERS,COMPOSANT,Interne,2026-10-03
ART-1604,Article Industriel 604 Metallurgie,Art-604,METALLURGIE,EMBALLAGE,Client_Auto,2026-10-03
ART-1605,Article Industriel 605 Metallurgie,Art-605,METALLURGIE,PROD_FINI,Divers_Local,2026-10-03
ART-1606,Article Industriel 606 Metallurgie,Art-606,METALLURGIE,ACHAT_DIR,Client_Auto,2026-10-03
ART-1607,Article Industriel 607 Plastique,Art-607,PLASTIQUE,EMBALLAGE,Client_Aero,2026-10-03
ART-1608,Article Industriel 608 Plastique,Art-608,PLASTIQUE,ACHAT_DIR,Export_Eu,2026-10-03
ART-1609,Article Industriel 609 Divers,Art-609,DIVERS,PROD_FINI,Export_Eu,2026-10-03
ART-1610,Article Industriel 610 Emballage,Art-610,EMBALLAGE,MAT_PREM,Client_Aero,2026-10-03
ART-1611,Article Industriel 611 Hydraulique,Art-611,HYDRAULIQUE,EMBALLAGE,Export_Eu,2026-10-03
ART-1612,Article Industriel 612 Hydraulique,Art-612,HYDRAULIQUE,ACHAT_DIR,Divers_Local,2026-10-03
ART-1613,Article Industriel 613 Hydraulique,Art-613,HYDRAULIQUE,MAT_PREM,Client_Auto,2026-10-03
ART-1614,Article Industriel 614 Hydraulique,Art-614,HYDRAULIQUE,COMPOSANT,Client_Auto,2026-10-03
ART-1615,Article Industriel 615 Emballage,Art-615,EMBALLAGE,ACHAT_DIR,Interne,2026-10-03
ART-1616,Article Industriel 616 Divers,Art-616,DIVERS,EMBALLAGE,Client_Auto,2026-10-03
ART-1617,Article Industriel 617 Emballage,Art-617,EMBALLAGE,PROD_FINI,Interne,2026-10-03
ART-1618,Article Industriel 618 Metallurgie,Art-618,METALLURGIE,ACHAT_DIR,Export_Eu,2026-10-03
ART-1619,Article Industriel 619 Metallurgie,Art-619,METALLURGIE,COMPOSANT,Interne,2026-10-03
ART-1620,Article Industriel 620 Hydraulique,Art-620,HYDRAULIQUE,ACHAT_DIR,Interne,2026-10-03
ART-1621,Article Industriel 621 Emballage,Art-621,EMBALLAGE,ACHAT_DIR,Divers_Local,2026-10-03
ART-1622,Article Industriel 622 Metallurgie,Art-622,METALLURGIE,EMBALLAGE,Export_Eu,2026-10-03
ART-1623,Article Industriel 623 Hydraulique,Art-623,HYDRAULIQUE,PROD_FINI,Client_Aero,2026-10-03
ART-1624,Article Industriel 624 Electronique,Art-624,ELECTRONIQUE,PROD_FINI,Export_Eu,2026-10-03
ART-1625,Article Industriel 625 Divers,Art-625,DIVERS,EMBALLAGE,Client_Auto,2026-10-03
ART-1626,Article Industriel 626 Plastique,Art-626,PLASTIQUE,EMBALLAGE,Interne,2026-10-03
ART-1627,Article Industriel 627 Visserie,Art-627,VISSERIE,COMPOSANT,Divers_Local,2026-10-03
ART-1628,Article Industriel 628 Electronique,Art-628,ELECTRONIQUE,EMBALLAGE,Client_Aero,2026-10-03
ART-1629,Article Industriel 629 Electronique,Art-629,ELECTRONIQUE,EMBALLAGE,Interne,2026-10-03
ART-1630,Article Industriel 630 Metallurgie,Art-630,METALLURGIE,PROD_FINI,Export_Eu,2026-10-03
ART-1631,Article Industriel 631 Metallurgie,Art-631,METALLURGIE,MAT_PREM,Export_Eu,2026-10-03
ART-1632,Article Industriel 632 Plastique,Art-632,PLASTIQUE,ACHAT_DIR,Divers_Local,2026-10-03
ART-1633,Article Industriel 633 Divers,Art-633,DIVERS,COMPOSANT,Divers_Local,2026-10-03
ART-1634,Article Industriel 634 Emballage,Art-634,EMBALLAGE,MAT_PREM,Client_Auto,2026-10-03
ART-1635,Article Industriel 635 Emballage,Art-635,EMBALLAGE,EMBALLAGE,Interne,2026-10-03
ART-1636,Article Industriel 636 Visserie,Art-636,VISSERIE,ACHAT_DIR,Client_Aero,2026-10-03
ART-1637,Article Industriel 637 Metallurgie,Art-637,METALLURGIE,MAT_PREM,Client_Auto,2026-10-03
ART-1638,Article Industriel 638 Electronique,Art-638,ELECTRONIQUE,PROD_FINI,Client_Auto,2026-10-03
ART-1639,Article Industriel 639 Metallurgie,Art-639,METALLURGIE,PROD_FINI,Export_Eu,2026-10-03
ART-1640,Article Industriel 640 Visserie,Art-640,VISSERIE,EMBALLAGE,Export_Eu,2026-10-03
ART-1641,Article Industriel 641 Emballage,Art-641,EMBALLAGE,COMPOSANT,Interne,2026-10-03
ART-1642,Article Industriel 642 Hydraulique,Art-642,HYDRAULIQUE,ACHAT_DIR,Divers_Local,2026-10-03
ART-1643,Article Industriel 643 Electronique,Art-643,ELECTRONIQUE,EMBALLAGE,Interne,2026-10-03
ART-1644,Article Industriel 644 Electronique,Art-644,ELECTRONIQUE,MAT_PREM,Client_Auto,2026-10-03
ART-1645,Article Industriel 645 Emballage,Art-645,EMBALLAGE,COMPOSANT,Divers_Local,2026-10-03
ART-1646,Article Industriel 646 Emballage,Art-646,EMBALLAGE,ACHAT_DIR,Client_Auto,2026-10-03
ART-1647,Article Industriel 647 Metallurgie,Art-647,METALLURGIE,COMPOSANT,Client_Auto,2026-10-03
ART-1648,Article Industriel 648 Electronique,Art-648,ELECTRONIQUE,EMBALLAGE,Export_Eu,2026-10-03
ART-1649,Article Industriel 649 Emballage,Art-649,EMBALLAGE,ACHAT_DIR,Interne,2026-10-03
ART-1650,Article Industriel 650 Visserie,Art-650,VISSERIE,ACHAT_DIR,Client_Auto,2026-10-03
ART-1651,Article Industriel 651 Visserie,Art-651,VISSERIE,PROD_FINI,Divers_Local,2026-10-03
ART-1652,Article Industriel 652 Electronique,Art-652,ELECTRONIQUE,COMPOSANT,Client_Aero,2026-10-03
ART-1653,Article Industriel 653 Plastique,Art-653,PLASTIQUE,MAT_PREM,Export_Eu,2026-10-03
ART-1654,Article Industriel 654 Metallurgie,Art-654,METALLURGIE,MAT_PREM,Client_Auto,2026-10-03
ART-1655,Article Industriel 655 Emballage,Art-655,ÉMBALLAGÉ,MAT_PREM,Interne,2026-10-03
ART-1656,Article Industriel 656 Metallurgie,Art-656,METALLURGIE,PROD_FINI,Export_Eu,2026-10-03
ART-1657,Article Industriel 657 Electronique,Art-657,ELECTRONIQUE,COMPOSANT,Client_Auto,2026-10-03
ART-1658,Article Industriel 658 Visserie,Art-658,VISSERIE,MAT_PREM,Divers_Local,2026-10-03
ART-1659,Article Industriel 659 Hydraulique,Art-659,HYDRAULIQUE,MAT_PREM,Client_Aero,2026-10-03
ART-1660,Article Industriel 660 Hydraulique,Art-660,HYDRAULIQUE,COMPOSANT,Export_Eu,2026-10-03
ART-1661,Article Industriel 661 Hydraulique,Art-661,HYDRAULIQUE,EMBALLAGE,Interne,2026-10-03
ART-1662,Article Industriel 662 Plastique,Art-662,PLASTIQUE,PROD_FINI,Client_Aero,2026-10-03
ART-1663,Article Industriel 663 Divers,Art-663,DIVERS,EMBALLAGE,Interne,2026-10-03
ART-1664,Article Industriel 664 Divers,Art-664,DIVERS,PROD_FINI,Divers_Local,2026-10-03
ART-1665,Article Industriel 665 Plastique,Art-665,PLASTIQUE,PROD_FINI,Export_Eu,2026-10-03
ART-1666,Article Industriel 666 Visserie,Art-666,VISSERIE,ACHAT_DIR,Divers_Local,2026-10-03
ART-1667,Article Industriel 667 Emballage,Art-667,EMBALLAGE,EMBALLAGE,Divers_Local,2026-10-03
ART-1668,Article Industriel 668 Divers,Art-668,DIVERS,PROD_FINI,Client_Auto,2026-10-03
ART-1669,Article Industriel 669 Metallurgie,Art-669,METALLURGIE,ACHAT_DIR,Divers_Local,2026-10-03
ART-1670,Article Industriel 670 Plastique,Art-670,PLASTIQUE,PROD_FINI,Client_Aero,2026-10-03
ART-1671,Article Industriel 671 Metallurgie,Art-671,METALLURGIE,COMPOSANT,Interne,2026-10-03
ART-1672,Article Industriel 672 Metallurgie,Art-672,METALLURGIE,COMPOSANT,Client_Auto,2026-10-03
ART-1673,Article Industriel 673 Electronique,Art-673,ELECTRONIQUE,MAT_PREM,Export_Eu,2026-10-03
ART-1674,Article Industriel 674 Emballage,Art-674,EMBALLAGE,EMBALLAGE,Client_Aero,2026-10-03
ART-1675,Article Industriel 675 Hydraulique,Art-675,HYDRAULIQUE,ACHAT_DIR,Client_Aero,2026-10-03
ART-1676,Article Industriel 676 Plastique,Art-676,PLASTIQUE,MAT_PREM,Divers_Local,2026-10-03
ART-1677,Article Industriel 677 Metallurgie,Art-677,METALLURGIE,COMPOSANT,Export_Eu,2026-10-03
ART-1678,Article Industriel 678 Divers,Art-678,DIVERS,COMPOSANT,Interne,2026-10-03
ART-1679,Article Industriel 679 Electronique,Art-679,ELECTRONIQUE,EMBALLAGE,Client_Aero,2026-10-03
ART-1680,Article Industriel 680 Electronique,Art-680,ELECTRONIQUE,COMPOSANT,Divers_Local,2026-10-03
ART-1681,Article Industriel 681 Metallurgie,Art-681,METALLURGIE,COMPOSANT,Client_Aero,2026-10-03
ART-1682,Article Industriel 682 Plastique,Art-682,PLASTIQUE,EMBALLAGE,Divers_Local,2026-10-03
ART-1683,Article Industriel 683 Emballage,Art-683,EMBALLAGE,EMBALLAGE,Client_Auto,2026-10-03
ART-1684,Article Industriel 684 Visserie,Art-684,VISSERIE,PROD_FINI,Interne,2026-10-03
ART-1685,Article Industriel 685 Metallurgie,Art-685,METALLURGIE,ACHAT_DIR,Export_Eu,2026-10-03
ART-1686,Article Industriel 686 Hydraulique,Art-686,HYDRAULIQUE,ACHAT_DIR,Client_Auto,2026-10-03
ART-1687,Article Industriel 687 Hydraulique,Art-687,HYDRAULIQUE,COMPOSANT,Divers_Local,2026-10-03
ART-1688,Article Industriel 688 Visserie,Art-688,VISSERIE,EMBALLAGE,Divers_Local,2026-10-03
ART-1689,Article Industriel 689 Hydraulique,Art-689,HYDRAULIQUE,MAT_PREM,Divers_Local,2026-10-03
ART-1690,Article Industriel 690 Divers,Art-690,DIVERS,MAT_PREM,Export_Eu,2026-10-03
ART-1691,Article Industriel 691 Divers,Art-691,DIVERS,EMBALLAGE,Client_Aero,2026-10-03
ART-1692,Article Industriel 692 Emballage,Art-692,EMBALLAGE,COMPOSANT,Client_Auto,2026-10-03
ART-1693,Article Industriel 693 Emballage,Art-693,EMBALLAGE,PROD_FINI,Export_Eu,2026-10-03
ART-1694,Article Industriel 694 Divers,Art-694,DIVERS,COMPOSANT,Divers_Local,2026-10-03
ART-1695,Article Industriel 695 Plastique,Art-695,PLASTIQUE,PROD_FINI,Client_Aero,2026-10-03
ART-1696,Article Industriel 696 Divers,Art-696,DIVERS,COMPOSANT,Client_Auto,2026-10-03
ART-1697,Article Industriel 697 Electronique,Art-697,ELECTRONIQUE,PROD_FINI,Client_Auto,2026-10-03
ART-1698,Article Industriel 698 Electronique,Art-698,ELECTRONIQUE,MAT_PREM,Export_Eu,2026-10-03
ART-1699,Article Industriel 699 Electronique,Art-699,ELECTRONIQUE,MAT_PREM,Export_Eu,2026-10-03
ART-1700,Article Industriel 700 Hydraulique,Art-700,HYDRAULIQUE,EMBALLAGE,Client_Aero,2026-10-03
ART-1701,Article Industriel 701 Visserie,Art-701,VISSERIE,ACHAT_DIR,Client_Aero,2026-10-03
ART-1702,Article Industriel 702 Hydraulique,Art-702,HYDRAULIQUE,PROD_FINI,Client_Auto,2026-10-03
ART-1703,Article Industriel 703 Visserie,Art-703,VISSERIE,COMPOSANT,Divers_Local,2026-10-03
ART-1704,Article Industriel 704 Hydraulique,Art-704,HYDRAULIQUE,EMBALLAGE,Export_Eu,2026-10-03
ART-1705,Article Industriel 705 Plastique,Art-705,PLASTIQUE,PROD_FINI,Client_Auto,2026-10-03
ART-1706,Article Industriel 706 Plastique,Art-706,PLASTIQUE,ACHAT_DIR,Divers_Local,2026-10-03
ART-1707,Article Industriel 707 Hydraulique,Art-707,HYDRAULIQUE,ACHAT_DIR,Interne,2026-10-03
ART-1708,Article Industriel 708 Divers,Art-708,DIVERS,COMPOSANT,Client_Aero,2026-10-03
ART-1709,Article Industriel 709 Emballage,Art-709,EMBALLAGE,PROD_FINI,Client_Aero,2026-10-03
ART-1710,Article Industriel 710 Hydraulique,Art-710,HYDRAULIQUE,EMBALLAGE,Divers_Local,2026-10-03
ART-1711,Article Industriel 711 Emballage,Art-711,EMBALLAGE,COMPOSANT,Client_Aero,2026-10-03
ART-1712,Article Industriel 712 Electronique,Art-712,ELECTRONIQUE,COMPOSANT,Client_Aero,2026-10-03
ART-1713,Article Industriel 713 Emballage,Art-713,EMBALLAGE,MAT_PREM,Client_Auto,2026-10-03
ART-1714,Article Industriel 714 Metallurgie,Art-714,METALLURGIE,MAT_PREM,Divers_Local,2026-10-03
ART-1715,Article Industriel 715 Plastique,Art-715,PLASTIQUE,PROD_FINI,Divers_Local,2026-10-03
ART-1716,Article Industriel 716 Emballage,Art-716,EMBALLAGE,EMBALLAGE,Interne,2026-10-03
ART-1717,Article Industriel 717 Emballage,Art-717,EMBALLAGE,ACHAT_DIR,Interne,2026-10-03
ART-1718,Article Industriel 718 Hydraulique,Art-718,HYDRAULIQUE,MAT_PREM,Interne,2026-10-03
ART-1719,Article Industriel 719 Emballage,Art-719,EMBALLAGE,EMBALLAGE,Client_Auto,2026-10-03
ART-1720,Article Industriel 720 Visserie,Art-720,VISSERIE,COMPOSANT,Client_Aero,2026-10-03
ART-1721,Article Industriel 721 Divers,Art-721,DIVERS,MAT_PREM,Client_Auto,2026-10-03
ART-1722,Article Industriel 722 Metallurgie,Art-722,METALLURGIE,COMPOSANT,Client_Auto,2026-10-03
ART-1723,Article Industriel 723 Electronique,Art-723,ELECTRONIQUE,COMPOSANT,Client_Auto,2026-10-03
ART-1724,Article Industriel 724 Divers,Art-724,DIVERS,EMBALLAGE,Interne,2026-10-03
ART-1725,Article Industriel 725 Emballage,Art-725,DIVERS,COMPOSANT,Export_Eu,2026-10-03
ART-1726,Article Industriel 726 Visserie,Art-726,VISSERIE,PROD_FINI,Interne,2026-10-03
ART-1727,Article Industriel 727 Metallurgie,Art-727,METALLURGIE,MAT_PREM,Divers_Local,2026-10-03
ART-1728,Article Industriel 728 Divers,Art-728,DIVERS,ACHAT_DIR,Client_Auto,2026-10-03
ART-1729,Article Industriel 729 Hydraulique,Art-729,HYDRAULIQUE,ACHAT_DIR,Client_Aero,2026-10-03
ART-1730,Article Industriel 730 Plastique,Art-730,PLASTIQUE,MAT_PREM,Export_Eu,2026-10-03
ART-1731,Article Industriel 731 Electronique,Art-731,ELECTRONIQUE,EMBALLAGE,Interne,2026-10-03
ART-1732,Article Industriel 732 Electronique,Art-732,ELECTRONIQUE,COMPOSANT,Divers_Local,2026-10-03
ART-1733,Article Industriel 733 Electronique,Art-733,ELECTRONIQUE,EMBALLAGE,Client_Aero,2026-10-03
ART-1734,Article Industriel 734 Visserie,Art-734,VISSERIE,PROD_FINI,Export_Eu,2026-10-03
ART-1735,Article Industriel 735 Visserie,Art-735,VISSERIE,MAT_PREM,Client_Auto,2026-10-03
ART-1736,Article Industriel 736 Hydraulique,Art-736,HYDRAULIQUE,EMBALLAGE,Interne,2026-10-03
ART-1737,Article Industriel 737 Visserie,Art-737,VISSERIE,MAT_PREM,Interne,2026-10-03
ART-1738,Article Industriel 738 Plastique,Art-738,PLASTIQUE,ACHAT_DIR,Client_Auto,2026-10-03
ART-1739,Article Industriel 739 Plastique,Art-739,PLASTIQUE,EMBALLAGE,Interne,2026-10-03
ART-1740,Article Industriel 740 Metallurgie,Art-740,METALLURGIE,COMPOSANT,Divers_Local,2026-10-03
ART-1741,Article Industriel 741 Electronique,Art-741,ELECTRONIQUE,ACHAT_DIR,Divers_Local,2026-10-03
ART-1742,Article Industriel 742 Metallurgie,Art-742,METALLURGIE,ACHAT_DIR,Export_Eu,2026-10-03
ART-1743,Article Industriel 743 Electronique,Art-743,ELECTRONIQUE,PROD_FINI,Client_Auto,2026-10-03
ART-1744,Article Industriel 744 Metallurgie,Art-744,METALLURGIE,MAT_PREM,Client_Aero,2026-10-03
ART-1745,Article Industriel 745 Emballage,Art-745,EMBALLAGE,EMBALLAGE,Export_Eu,2026-10-03
ART-1746,Article Industriel 746 Divers,Art-746,DIVERS,EMBALLAGE,Divers_Local,2026-10-03
ART-1747,Article Industriel 747 Hydraulique,Art-747,HYDRAULIQUE,MAT_PREM,Divers_Local,2026-10-03
ART-1748,Article Industriel 748 Electronique,Art-748,ELECTRONIQUE,COMPOSANT,Interne,2026-10-03
ART-1749,Article Industriel 749 Plastique,Art-749,PLASTIQUE,EMBALLAGE,Export_Eu,2026-10-03
ART-1750,Article Industriel 750 Metallurgie,Art-750,METALLURGIE,PROD_FINI,Divers_Local,2026-10-03
ART-1751,Article Industriel 751 Emballage,Art-751,EMBALLAGE,COMPOSANT,Client_Auto,2026-10-03
ART-1752,Article Industriel 752 Visserie,Art-752,VISSERIE,COMPOSANT,Client_Aero,2026-10-03
ART-1753,Article Industriel 753 Divers,Art-753,DIVERS,COMPOSANT,Divers_Local,2026-10-03
ART-1754,Article Industriel 754 Visserie,Art-754,VISSERIE,EMBALLAGE,Interne,2026-10-03
ART-1755,Article Industriel 755 Hydraulique,Art-755,HYDRAULIQUE,PROD_FINI,Interne,2026-10-03
ART-1756,Article Industriel 756 Visserie,Art-756,VISSERIE,EMBALLAGE,Client_Auto,2026-10-03
ART-1757,Article Industriel 757 Visserie,Art-757,VISSERIE,PROD_FINI,Client_Aero,2026-10-03
ART-1758,Article Industriel 758 Electronique,Art-758,ELECTRONIQUE,ACHAT_DIR,Export_Eu,2026-10-03
ART-1759,Article Industriel 759 Visserie,Art-759,VISSERIE,MAT_PREM,Divers_Local,2026-10-03
ART-1760,Article Industriel 760 Emballage,Art-760,ÉMBALLAGÉ,COMPOSANT,Divers_Local,2026-10-03
ART-1761,Article Industriel 761 Plastique,Art-761,PLASTIQUE,PROD_FINI,Interne,2026-10-03
ART-1762,Article Industriel 762 Emballage,Art-762,EMBALLAGE,ACHAT_DIR,Client_Aero,2026-10-03
ART-1763,Article Industriel 763 Plastique,Art-763,PLASTIQUE,MAT_PREM,Client_Aero,2026-10-03
ART-1764,Article Industriel 764 Emballage,Art-764,EMBALLAGE,ACHAT_DIR,Client_Auto,2026-10-03
ART-1765,Article Industriel 765 Plastique,Art-765,PLASTIQUE,ACHAT_DIR,Client_Auto,2026-10-03
ART-1766,Article Industriel 766 Plastique,Art-766,PLASTIQUE,PROD_FINI,Export_Eu,2026-10-03
ART-1767,Article Industriel 767 Hydraulique,Art-767,HYDRAULIQUE,PROD_FINI,Divers_Local,2026-10-03
ART-1768,Article Industriel 768 Emballage,Art-768,EMBALLAGE,ACHAT_DIR,Export_Eu,2026-10-03
ART-1769,Article Industriel 769 Visserie,Art-769,VISSERIE,COMPOSANT,Client_Auto,2026-10-03
ART-1770,Article Industriel 770 Emballage,Art-770,EMBALLAGE,PROD_FINI,Divers_Local,2026-10-03
ART-1771,Article Industriel 771 Plastique,Art-771,PLASTIQUE,ACHAT_DIR,Interne,2026-10-03
ART-1772,Article Industriel 772 Hydraulique,Art-772,HYDRAULIQUE,PROD_FINI,Divers_Local,2026-10-03
ART-1773,Article Industriel 773 Visserie,Art-773,VISSERIE,MAT_PREM,Interne,2026-10-03
ART-1774,Article Industriel 774 Plastique,Art-774,PLASTIQUE,MAT_PREM,Divers_Local,2026-10-03
ART-1775,Article Industriel 775 Hydraulique,Art-775,HYDRAULIQUE,DIVERS,Client_Auto,2026-10-03
ART-1776,Article Industriel 776 Divers,Art-776,DIVERS,COMPOSANT,Divers_Local,2026-10-03
ART-1777,Article Industriel 777 Visserie,Art-777,VISSERIE,PROD_FINI,Export_Eu,2026-10-03
ART-1778,Article Industriel 778 Hydraulique,Art-778,HYDRAULIQUE,MAT_PREM,Client_Auto,2026-10-03
ART-1779,Article Industriel 779 Plastique,Art-779,PLASTIQUE,EMBALLAGE,Client_Auto,2026-10-03
ART-1780,Article Industriel 780 Divers,Art-780,DIVERS,MAT_PREM,Export_Eu,2026-10-03
ART-1781,Article Industriel 781 Electronique,Art-781,ELECTRONIQUE,MAT_PREM,Client_Auto,2026-10-03
ART-1782,Article Industriel 782 Metallurgie,Art-782,METALLURGIE,EMBALLAGE,Client_Aero,2026-10-03
ART-1783,Article Industriel 783 Emballage,Art-783,EMBALLAGE,COMPOSANT,Client_Auto,2026-10-03
ART-1784,Article Industriel 784 Divers,Art-784,DIVERS,ACHAT_DIR,Divers_Local,2026-10-03
ART-1785,Article Industriel 785 Visserie,Art-785,VISSERIE,EMBALLAGE,Interne,2026-10-03
ART-1786,Article Industriel 786 Divers,Art-786,DIVERS,PROD_FINI,Divers_Local,2026-10-03
ART-1787,Article Industriel 787 Divers,Art-787,DIVERS,MAT_PREM,Divers_Local,2026-10-03
ART-1788,Article Industriel 788 Electronique,Art-788,ELECTRONIQUE,ACHAT_DIR,Export_Eu,2026-10-03
ART-1789,Article Industriel 789 Hydraulique,Art-789,HYDRAULIQUE,EMBALLAGE,Divers_Local,2026-10-03
ART-1790,Article Industriel 790 Electronique,Art-790,ELECTRONIQUE,MAT_PREM,Export_Eu,2026-10-03
ART-1791,Article Industriel 791 Visserie,Art-791,VISSERIE,EMBALLAGE,Client_Auto,2026-10-03
ART-1792,Article Industriel 792 Emballage,Art-792,EMBALLAGE,EMBALLAGE,Client_Auto,2026-10-03
ART-1793,Article Industriel 793 Metallurgie,Art-793,METALLURGIE,MAT_PREM,Interne,2026-10-03
ART-1794,Article Industriel 794 Metallurgie,Art-794,METALLURGIE,EMBALLAGE,Client_Aero,2026-10-03
ART-1795,Article Industriel 795 Visserie,Art-795,VISSERIE,MAT_PREM,Interne,2026-10-03
ART-1796,Article Industriel 796 Hydraulique,Art-796,HYDRAULIQUE,ACHAT_DIR,Divers_Local,2026-10-03
ART-1797,Article Industriel 797 Plastique,Art-797,PLASTIQUE,MAT_PREM,Divers_Local,2026-10-03
ART-1798,Article Industriel 798 Plastique,Art-798,PLASTIQUE,COMPOSANT,Export_Eu,2026-10-03
ART-1799,Article Industriel 799 Divers,Art-799,DIVERS,ACHAT_DIR,Export_Eu,2026-10-03
ART-1800,Article Industriel 800 Divers,Art-800,DIVERS,COMPOSANT,Divers_Local,2026-10-03
