Date_Production,Quantite_Produite,Quantite_Rebut,Quantite_Bonne,Nb_Ordres,Taux_Rebut_Pct
2024-01-01,7743,207,7536,4,2.67
2024-01-02,7478,164,7314,4,2.19
2024-01-03,3902,69,3833,2,1.77
2024-01-04,5750,172,5578,4,2.99
2024-01-05,5467,121,5346,2,2.21
2024-01-06,5456,154,5302,1,2.82
2024-01-07,4553,64,4489,5,1.41
2024-01-08,6124,159,5965,5,2.6
2024-01-09,4853,95,4758,5,1.96
2024-01-10,7545,165,7380,4,2.19
2024-01-11,4415,156,4259,4,3.53
2024-01-12,2466,54,2412,5,2.19
2024-01-13,3844,57,3787,5,1.48
2024-01-14,6286,173,6113,4,2.75
2024-01-15,5870,114,5756,2,1.94
2024-01-16,4620,137,4483,3,2.97
2024-01-17,4508,130,4378,2,2.88
2024-01-18,2081,39,2042,4,1.87
2024-01-19,4355,93,4262,1,2.14
2024-01-20,6616,110,6506,4,1.66
2024-01-21,4583,56,4527,1,1.22
2024-01-22,7736,109,7627,3,1.41
2024-01-23,3281,46,3235,2,1.4
2024-01-24,4369,141,4228,4,3.23
2024-01-25,5825,132,5693,5,2.27
2024-01-26,6203,124,6079,1,2.0
2024-01-27,5657,90,5567,2,1.59
2024-01-28,7230,250,6980,1,3.46
2024-01-29,7909,288,7621,5,3.64
2024-01-30,6783,135,6648,4,1.99
2024-01-31,5324,165,5159,3,3.1
2024-02-01,6962,198,6764,1,2.84
2024-02-02,6472,216,6256,5,3.34
2024-02-03,5961,208,5753,1,3.49
2024-02-04,4184,116,4068,2,2.77
2024-02-05,4160,83,4077,5,2.0
2024-02-06,3836,64,3772,3,1.67
2024-02-07,6328,98,6230,2,1.55
2024-02-08,3486,84,3402,5,2.41
2024-02-09,6396,230,6166,1,3.6
2024-02-10,5860,103,5757,5,1.76
2024-02-11,5779,153,5626,5,2.65
2024-02-12,5764,211,5553,5,3.66
2024-02-13,5974,196,5778,3,3.28
2024-02-14,6408,78,6330,2,1.22
2024-02-15,5544,157,5387,2,2.83
2024-02-16,5711,125,5586,2,2.19
2024-02-17,5339,90,5249,5,1.69
2024-02-18,6595,100,6495,1,1.52
2024-02-19,4995,79,4916,5,1.58
2024-02-20,5845,116,5729,2,1.98
2024-02-21,3548,121,3427,3,3.41
2024-02-22,2115,33,2082,2,1.56
2024-02-23,7492,101,7391,3,1.35
2024-02-24,7256,247,7009,1,3.4
2024-02-25,7117,183,6934,2,2.57
2024-02-26,5114,150,4964,4,2.93
2024-02-27,4184,76,4108,4,1.82
2024-02-28,5482,94,5388,4,1.71
2024-02-29,5398,139,5259,1,2.58
2024-03-01,5451,75,5376,3,1.38
2024-03-02,6054,183,5871,2,3.02
2024-03-03,4912,111,4801,1,2.26
2024-03-04,5962,80,5882,5,1.34
2024-03-05,6135,119,6016,5,1.94
2024-03-06,4716,126,4590,4,2.67
2024-03-07,5968,209,5759,3,3.5
2024-03-08,6126,88,6038,3,1.44
2024-03-09,6073,89,5984,4,1.47
2024-03-10,4187,50,4137,4,1.19
2024-03-11,5261,74,5187,5,1.41
2024-03-12,4745,110,4635,3,2.32
2024-03-13,5222,111,5111,4,2.13
2024-03-14,4302,110,4192,3,2.56
2024-03-15,7654,266,7388,4,3.48
2024-03-16,5645,143,5502,4,2.53
2024-03-17,7353,271,7082,3,3.69
2024-03-18,4961,75,4886,1,1.51
2024-03-19,5864,103,5761,2,1.76
2024-03-20,6170,187,5983,2,3.03
2024-03-21,6064,164,5900,1,2.7
2024-03-22,5141,85,5056,4,1.65
2024-03-23,7180,89,7091,4,1.24
2024-03-24,5704,98,5606,2,1.72
2024-03-25,5542,206,5336,4,3.72
2024-03-26,6326,222,6104,5,3.51
2024-03-27,5620,105,5515,1,1.87
2024-03-28,3506,108,3398,2,3.08
2024-03-29,6468,126,6342,3,1.95
2024-03-30,5473,78,5395,2,1.43
2024-03-31,5832,148,5684,2,2.54
2024-04-01,4573,114,4459,5,2.49
2024-04-02,2529,60,2469,3,2.37
2024-04-03,3367,115,3252,1,3.42
2024-04-04,4974,129,4845,4,2.59
2024-04-05,6631,234,6397,3,3.53
2024-04-06,4501,74,4427,1,1.64
2024-04-07,4058,120,3938,1,2.96
2024-04-08,6813,191,6622,3,2.8
2024-04-09,5643,145,5498,5,2.57
2024-04-10,5264,141,5123,3,2.68
2024-04-11,2631,98,2533,5,3.72
2024-04-12,6447,220,6227,5,3.41
2024-04-13,5588,69,5519,1,1.23
2024-04-14,4846,90,4756,3,1.86
2024-04-15,5188,146,5042,5,2.81
2024-04-16,6345,173,6172,2,2.73
2024-04-17,5064,71,4993,3,1.4
2024-04-18,5257,168,5089,5,3.2
2024-04-19,5149,158,4991,4,3.07
2024-04-20,4721,110,4611,2,2.33
2024-04-21,6188,213,5975,2,3.44
2024-04-22,4529,167,4362,1,3.69
2024-04-23,4669,121,4548,5,2.59
2024-04-24,6708,139,6569,4,2.07
2024-04-25,6321,89,6232,5,1.41
2024-04-26,3799,91,3708,5,2.4
2024-04-27,3626,58,3568,5,1.6
2024-04-28,5926,176,5750,1,2.97
2024-04-29,5005,68,4937,1,1.36
2024-04-30,4883,134,4749,4,2.74
2024-05-01,7635,101,7534,2,1.32
2024-05-02,4755,86,4669,1,1.81
2024-05-03,6068,78,5990,2,1.29
2024-05-04,5393,143,5250,5,2.65
2024-05-05,7356,128,7228,4,1.74
2024-05-06,6887,167,6720,2,2.42
2024-05-07,4266,108,4158,5,2.53
2024-05-08,5349,184,5165,2,3.44
2024-05-09,5697,81,5616,1,1.42
2024-05-10,6305,162,6143,2,2.57
2024-05-11,4664,118,4546,5,2.53
2024-05-12,6923,220,6703,5,3.18
2024-05-13,5985,196,5789,5,3.27
2024-05-14,5157,193,4964,4,3.74
2024-05-15,8193,285,7908,1,3.48
2024-05-16,6661,188,6473,5,2.82
2024-05-17,4586,71,4515,3,1.55
2024-05-18,6895,186,6709,1,2.7
2024-05-19,5477,141,5336,2,2.57
2024-05-20,5937,72,5865,4,1.21
2024-05-21,4675,64,4611,4,1.37
2024-05-22,5095,81,5014,5,1.59
2024-05-23,4649,64,4585,3,1.38
2024-05-24,6193,78,6115,1,1.26
2024-05-25,3636,103,3533,1,2.83
2024-05-26,3364,106,3258,2,3.15
2024-05-27,4572,113,4459,5,2.47
2024-05-28,7480,120,7360,1,1.6
2024-05-29,5884,101,5783,5,1.72
2024-05-30,6382,188,6194,3,2.95
2024-05-31,6652,113,6539,3,1.7
2024-06-01,6195,205,5990,3,3.31
2024-06-02,5823,160,5663,4,2.75
2024-06-03,9146,246,8900,5,2.69
2024-06-04,5938,84,5854,5,1.41
2024-06-05,6173,210,5963,3,3.4
2024-06-06,4018,131,3887,1,3.26
2024-06-07,4543,136,4407,2,2.99
2024-06-08,5914,92,5822,1,1.56
2024-06-09,4150,58,4092,5,1.4
2024-06-10,6352,193,6159,5,3.04
2024-06-11,4826,70,4756,3,1.45
2024-06-12,5303,143,5160,4,2.7
2024-06-13,5789,199,5590,4,3.44
2024-06-14,4388,116,4272,4,2.64
2024-06-15,5909,156,5753,1,2.64
2024-06-16,4104,105,3999,3,2.56
2024-06-17,7350,92,7258,5,1.25
2024-06-18,4913,70,4843,1,1.42
2024-06-19,6824,202,6622,3,2.96
2024-06-20,4231,51,4180,2,1.21
2024-06-21,4192,155,4037,3,3.7
2024-06-22,7804,239,7565,2,3.06
2024-06-23,4573,108,4465,5,2.36
2024-06-24,6274,174,6100,2,2.77
2024-06-25,4895,82,4813,5,1.68
2024-06-26,4472,165,4307,5,3.69
2024-06-27,5906,128,5778,4,2.17
2024-06-28,3521,63,3458,4,1.79
2024-06-29,3712,85,3627,2,2.29
2024-06-30,4622,109,4513,3,2.36
2024-07-01,5143,89,5054,3,1.73
2024-07-02,5031,165,4866,1,3.28
2024-07-03,6672,140,6532,3,2.1
2024-07-04,5874,102,5772,4,1.74
2024-07-05,5708,103,5605,1,1.8
2024-07-06,6075,108,5967,1,1.78
2024-07-07,6677,163,6514,3,2.44
2024-07-08,4428,117,4311,4,2.64
2024-07-09,5991,208,5783,3,3.47
2024-07-10,5073,141,4932,3,2.78
2024-07-11,3434,48,3386,1,1.4
2024-07-12,3403,80,3323,3,2.35
2024-07-13,5901,204,5697,2,3.46
2024-07-14,4050,115,3935,1,2.84
2024-07-15,7065,169,6896,3,2.39
2024-07-16,5790,78,5712,1,1.35
2024-07-17,3920,93,3827,2,2.37
2024-07-18,5435,109,5326,5,2.01
2024-07-19,4695,102,4593,5,2.17
2024-07-20,5080,143,4937,5,2.81
2024-07-21,7733,147,7586,5,1.9
2024-07-22,5382,194,5188,2,3.6
2024-07-23,3609,59,3550,5,1.63
2024-07-24,6713,172,6541,3,2.56
2024-07-25,6343,217,6126,3,3.42
2024-07-26,5052,156,4896,2,3.09
2024-07-27,4847,114,4733,4,2.35
2024-07-28,6936,135,6801,4,1.95
2024-07-29,4050,97,3953,3,2.4
2024-07-30,4951,176,4775,4,3.55
2024-07-31,5527,197,5330,4,3.56
2024-08-01,6189,177,6012,4,2.86
2024-08-02,5155,152,5003,1,2.95
2024-08-03,4838,78,4760,4,1.61
2024-08-04,6726,201,6525,1,2.99
2024-08-05,6055,116,5939,3,1.92
2024-08-06,7909,247,7662,4,3.12
2024-08-07,5207,114,5093,5,2.19
2024-08-08,5263,162,5101,1,3.08
2024-08-09,6186,215,5971,4,3.48
2024-08-10,5415,85,5330,4,1.57
2024-08-11,9605,338,9267,3,3.52
2024-08-12,2217,67,2150,3,3.02
2024-08-13,4731,65,4666,5,1.37
2024-08-14,5527,98,5429,5,1.77
2024-08-15,5737,90,5647,4,1.57
2024-08-16,4207,104,4103,5,2.47
2024-08-17,3684,57,3627,5,1.55
2024-08-18,4335,120,4215,2,2.77
2024-08-19,5505,76,5429,3,1.38
2024-08-20,4386,59,4327,1,1.35
2024-08-21,5987,146,5841,3,2.44
2024-08-22,5797,145,5652,3,2.5
2024-08-23,5537,82,5455,1,1.48
2024-08-24,4885,64,4821,3,1.31
2024-08-25,5642,163,5479,5,2.89
2024-08-26,3064,113,2951,3,3.69
2024-08-27,3667,80,3587,4,2.18
2024-08-28,6992,111,6881,1,1.59
2024-08-29,5483,151,5332,3,2.75
2024-08-30,6517,189,6328,2,2.9
2024-08-31,6546,212,6334,3,3.24
2024-09-01,7310,123,7187,4,1.68
2024-09-02,5956,140,5816,1,2.35
2024-09-03,6948,151,6797,2,2.17
2024-09-04,4364,69,4295,3,1.58
2024-09-05,4431,120,4311,1,2.71
2024-09-06,4414,119,4295,2,2.7
2024-09-07,4689,66,4623,4,1.41
2024-09-08,4054,67,3987,1,1.65
2024-09-09,5488,203,5285,1,3.7
2024-09-10,5282,66,5216,5,1.25
2024-09-11,5111,144,4967,2,2.82
2024-09-12,4725,147,4578,1,3.11
2024-09-13,6289,115,6174,3,1.83
2024-09-14,5370,142,5228,5,2.64
2024-09-15,4691,114,4577,1,2.43
2024-09-16,5557,94,5463,5,1.69
2024-09-17,4913,95,4818,5,1.93
2024-09-18,7155,209,6946,4,2.92
2024-09-19,5287,63,5224,2,1.19
2024-09-20,4974,89,4885,5,1.79
2024-09-21,5218,88,5130,5,1.69
2024-09-22,7632,212,7420,1,2.78
2024-09-23,6606,127,6479,5,1.92
2024-09-24,6974,134,6840,1,1.92
2024-09-25,5822,137,5685,1,2.35
2024-09-26,7939,181,7758,5,2.28
2024-09-27,5162,128,5034,2,2.48
2024-09-28,5108,132,4976,4,2.58
2024-09-29,6206,81,6125,3,1.31
2024-09-30,5468,203,5265,3,3.71
2024-10-01,5844,166,5678,5,2.84
2024-10-02,5833,200,5633,4,3.43
2024-10-03,3673,132,3541,3,3.59
2024-10-04,6755,154,6601,5,2.28
2024-10-05,4635,133,4502,1,2.87
2024-10-06,6183,135,6048,5,2.18
2024-10-07,5524,106,5418,1,1.92
2024-10-08,5875,104,5771,5,1.77
2024-10-09,3118,51,3067,5,1.64
2024-10-10,5306,100,5206,5,1.88
2024-10-11,7349,205,7144,4,2.79
2024-10-12,4280,73,4207,4,1.71
2024-10-13,7087,208,6879,3,2.93
2024-10-14,5015,76,4939,2,1.52
2024-10-15,3531,124,3407,4,3.51
2024-10-16,6334,225,6109,2,3.55
2024-10-17,5080,142,4938,2,2.8
2024-10-18,5750,191,5559,5,3.32
2024-10-19,6234,168,6066,3,2.69
2024-10-20,8425,183,8242,2,2.17
2024-10-21,5400,193,5207,5,3.57
2024-10-22,5361,100,5261,4,1.87
2024-10-23,6770,93,6677,4,1.37
2024-10-24,4707,110,4597,5,2.34
2024-10-25,6096,214,5882,1,3.51
2024-10-26,6657,152,6505,4,2.28
2024-10-27,6282,151,6131,4,2.4
2024-10-28,7304,247,7057,3,3.38
2024-10-29,3998,78,3920,1,1.95
2024-10-30,6042,142,5900,1,2.35
2024-10-31,4000,148,3852,3,3.7
2024-11-01,6748,237,6511,5,3.51
2024-11-02,6335,226,6109,3,3.57
2024-11-03,7965,229,7736,3,2.88
2024-11-04,5513,140,5373,4,2.54
2024-11-05,5966,116,5850,4,1.94
2024-11-06,5108,73,5035,4,1.43
2024-11-07,6685,117,6568,1,1.75
2024-11-08,6069,219,5850,1,3.61
2024-11-09,5053,191,4862,2,3.78
2024-11-10,5839,153,5686,4,2.62
2024-11-11,6237,109,6128,4,1.75
2024-11-12,6139,188,5951,1,3.06
2024-11-13,5905,110,5795,3,1.86
2024-11-14,5867,206,5661,5,3.51
2024-11-15,4328,79,4249,1,1.83
2024-11-16,5650,138,5512,3,2.44
2024-11-17,4026,80,3946,5,1.99
2024-11-18,4467,122,4345,4,2.73
2024-11-19,6732,184,6548,2,2.73
2024-11-20,3101,73,3028,2,2.35
2024-11-21,6981,97,6884,5,1.39
2024-11-22,5238,94,5144,2,1.79
2024-11-23,5906,179,5727,2,3.03
2024-11-24,5440,121,5319,4,2.22
2024-11-25,5920,71,5849,4,1.2
2024-11-26,4992,80,4912,3,1.6
2024-11-27,6589,117,6472,4,1.78
2024-11-28,5493,146,5347,4,2.66
2024-11-29,7870,114,7756,5,1.45
2024-11-30,6547,122,6425,1,1.86
2024-12-01,4406,61,4345,3,1.38
2024-12-02,6909,142,6767,1,2.06
2024-12-03,6107,223,5884,3,3.65
2024-12-04,5225,155,5070,3,2.97
2024-12-05,6156,170,5986,5,2.76
2024-12-06,3325,79,3246,5,2.38
2024-12-07,6142,110,6032,2,1.79
2024-12-08,5180,140,5040,5,2.7
2024-12-09,4059,136,3923,3,3.35
2024-12-10,4464,147,4317,2,3.29
2024-12-11,5552,167,5385,1,3.01
2024-12-12,5704,103,5601,5,1.81
2024-12-13,7405,135,7270,2,1.82
2024-12-14,5463,204,5259,2,3.73
2024-12-15,7098,155,6943,4,2.18
2024-12-16,6540,218,6322,3,3.33
2024-12-17,6494,171,6323,5,2.63
2024-12-18,3086,51,3035,1,1.65
2024-12-19,5625,154,5471,2,2.74
2024-12-20,5407,138,5269,1,2.55
2024-12-21,6257,129,6128,4,2.06
2024-12-22,5107,107,5000,1,2.1
2024-12-23,5049,64,4985,3,1.27
2024-12-24,4987,156,4831,1,3.13
2024-12-25,4034,95,3939,5,2.35
2024-12-26,3844,71,3773,1,1.85
2024-12-27,6113,231,5882,4,3.78
2024-12-28,5337,178,5159,2,3.34
2024-12-29,4149,109,4040,3,2.63
2024-12-30,5694,140,5554,2,2.46
2024-12-31,5477,75,5402,2,1.37
2025-01-01,4883,125,4758,4,2.56
2025-01-02,7114,242,6872,4,3.4
2025-01-03,4079,106,3973,2,2.6
2025-01-04,6360,230,6130,4,3.62
2025-01-05,4931,123,4808,5,2.49
2025-01-06,6060,191,5869,3,3.15
2025-01-07,4977,185,4792,5,3.72
2025-01-08,3876,118,3758,4,3.04
2025-01-09,5433,117,5316,2,2.15
2025-01-10,4295,138,4157,4,3.21
2025-01-11,5794,184,5610,2,3.18
2025-01-12,5435,156,5279,4,2.87
2025-01-13,4291,162,4129,3,3.78
2025-01-14,4266,97,4169,4,2.27
2025-01-15,6716,206,6510,1,3.07
2025-01-16,3862,130,3732,2,3.37
2025-01-17,6650,166,6484,5,2.5
2025-01-18,4374,123,4251,2,2.81
2025-01-19,6696,84,6612,2,1.25
2025-01-20,4750,101,4649,1,2.13
2025-01-21,7850,226,7624,2,2.88
2025-01-22,4811,159,4652,3,3.3
2025-01-23,4147,84,4063,5,2.03
2025-01-24,4088,52,4036,1,1.27
2025-01-25,8335,276,8059,5,3.31
2025-01-26,5473,134,5339,1,2.45
2025-01-27,4026,64,3962,1,1.59
2025-01-28,6847,133,6714,5,1.94
2025-01-29,6658,218,6440,4,3.27
2025-01-30,6114,168,5946,3,2.75
2025-01-31,4940,138,4802,2,2.79
2025-02-01,5300,115,5185,4,2.17
2025-02-02,4974,60,4914,1,1.21
2025-02-03,6299,165,6134,1,2.62
2025-02-04,5347,136,5211,4,2.54
2025-02-05,4960,68,4892,3,1.37
2025-02-06,5651,148,5503,2,2.62
2025-02-07,6231,91,6140,3,1.46
2025-02-08,5876,132,5744,1,2.25
2025-02-09,6258,167,6091,5,2.67
2025-02-10,4961,153,4808,1,3.08
2025-02-11,6164,91,6073,3,1.48
2025-02-12,8941,295,8646,3,3.3
2025-02-13,5979,134,5845,3,2.24
2025-02-14,5088,187,4901,2,3.68
2025-02-15,6480,176,6304,3,2.72
2025-02-16,5519,149,5370,3,2.7
2025-02-17,7926,279,7647,4,3.52
2025-02-18,4140,118,4022,1,2.85
2025-02-19,5900,141,5759,4,2.39
2025-02-20,1567,41,1526,3,2.62
2025-02-21,4206,107,4099,2,2.54
2025-02-22,6698,171,6527,5,2.55
2025-02-23,3949,62,3887,2,1.57
2025-02-24,4544,120,4424,4,2.64
2025-02-25,5848,150,5698,5,2.56
2025-02-26,5109,182,4927,5,3.56
2025-02-27,7465,176,7289,4,2.36
2025-02-28,4718,156,4562,3,3.31
2025-03-01,4966,148,4818,5,2.98
2025-03-02,4213,54,4159,3,1.28
2025-03-03,7030,189,6841,2,2.69
2025-03-04,6039,120,5919,1,1.99
2025-03-05,6132,137,5995,2,2.23
2025-03-06,5085,94,4991,4,1.85
2025-03-07,4658,124,4534,1,2.66
2025-03-08,6676,185,6491,3,2.77
2025-03-09,6755,178,6577,3,2.64
2025-03-10,5999,221,5778,1,3.68
2025-03-11,5686,201,5485,5,3.53
2025-03-12,4112,120,3992,4,2.92
2025-03-13,5810,211,5599,4,3.63
2025-03-14,7804,253,7551,5,3.24
2025-03-15,4496,70,4426,4,1.56
2025-03-16,6787,86,6701,1,1.27
2025-03-17,4973,134,4839,4,2.69
2025-03-18,6317,131,6186,5,2.07
2025-03-19,7208,165,7043,5,2.29
2025-03-20,5255,96,5159,1,1.83
2025-03-21,4803,173,4630,5,3.6
2025-03-22,4117,136,3981,2,3.3
2025-03-23,5580,156,5424,1,2.8
2025-03-24,6595,123,6472,1,1.87
2025-03-25,5429,78,5351,5,1.44
2025-03-26,2602,65,2537,2,2.5
2025-03-27,5936,122,5814,2,2.06
2025-03-28,6634,246,6388,3,3.71
2025-03-29,4798,99,4699,1,2.06
2025-03-30,5180,99,5081,3,1.91
2025-03-31,3693,97,3596,4,2.63
2025-04-01,5751,104,5647,1,1.81
2025-04-02,6113,189,5924,3,3.09
2025-04-03,6005,201,5804,4,3.35
2025-04-04,6959,159,6800,5,2.28
2025-04-05,6391,227,6164,2,3.55
2025-04-06,3097,89,3008,2,2.87
2025-04-07,4967,139,4828,2,2.8
2025-04-08,6164,96,6068,4,1.56
2025-04-09,4825,129,4696,2,2.67
2025-04-10,6812,240,6572,1,3.52
2025-04-11,4467,166,4301,2,3.72
2025-04-12,4519,71,4448,2,1.57
2025-04-13,7219,247,6972,4,3.42
2025-04-14,6320,178,6142,1,2.82
2025-04-15,3812,94,3718,3,2.47
2025-04-16,6039,184,5855,2,3.05
2025-04-17,4507,86,4421,3,1.91
2025-04-18,5199,74,5125,1,1.42
2025-04-19,5311,179,5132,3,3.37
2025-04-20,7450,158,7292,5,2.12
2025-04-21,4632,86,4546,5,1.86
2025-04-22,5580,133,5447,2,2.38
2025-04-23,5865,178,5687,3,3.03
2025-04-24,5579,153,5426,5,2.74
2025-04-25,4038,74,3964,5,1.83
2025-04-26,3519,121,3398,2,3.44
2025-04-27,6882,225,6657,2,3.27
2025-04-28,5755,102,5653,2,1.77
2025-04-29,7186,158,7028,3,2.2
2025-04-30,5422,76,5346,5,1.4
2025-05-01,5495,183,5312,1,3.33
2025-05-02,6373,187,6186,2,2.93
2025-05-03,4737,107,4630,4,2.26
2025-05-04,3382,67,3315,1,1.98
2025-05-05,3979,62,3917,4,1.56
2025-05-06,4625,95,4530,2,2.05
2025-05-07,3464,55,3409,1,1.59
2025-05-08,3605,91,3514,5,2.52
2025-05-09,6130,162,5968,4,2.64
2025-05-10,5729,210,5519,3,3.67
2025-05-11,5266,147,5119,4,2.79
2025-05-12,4316,66,4250,2,1.53
2025-05-13,5104,125,4979,1,2.45
2025-05-14,4625,71,4554,2,1.54
2025-05-15,7130,157,6973,4,2.2
2025-05-16,4893,153,4740,3,3.13
2025-05-17,6710,95,6615,2,1.42
2025-05-18,7723,166,7557,5,2.15
2025-05-19,3409,49,3360,2,1.44
2025-05-20,6896,246,6650,5,3.57
2025-05-21,7569,269,7300,2,3.55
2025-05-22,6151,175,5976,5,2.85
2025-05-23,4970,133,4837,4,2.68
2025-05-24,4369,104,4265,3,2.38
2025-05-25,5409,71,5338,5,1.31
2025-05-26,4053,108,3945,2,2.66
2025-05-27,5122,83,5039,4,1.62
2025-05-28,4221,55,4166,5,1.3
2025-05-29,5562,103,5459,1,1.85
2025-05-30,8126,118,8008,2,1.45
2025-05-31,5579,84,5495,4,1.51
2025-06-01,4416,152,4264,1,3.44
2025-06-02,7776,204,7572,1,2.62
2025-06-03,2330,71,2259,2,3.05
2025-06-04,7069,172,6897,2,2.43
2025-06-05,5325,161,5164,3,3.02
2025-06-06,6535,153,6382,3,2.34
2025-06-07,5241,125,5116,3,2.39
2025-06-08,5638,113,5525,2,2.0
2025-06-09,4908,66,4842,4,1.34
2025-06-10,5416,143,5273,4,2.64
2025-06-11,3238,120,3118,1,3.71
2025-06-12,5998,90,5908,1,1.5
2025-06-13,5718,115,5603,4,2.01
2025-06-14,4770,127,4643,1,2.66
2025-06-15,6296,150,6146,3,2.38
2025-06-16,5002,144,4858,2,2.88
2025-06-17,5011,126,4885,5,2.51
2025-06-18,6056,195,5861,4,3.22
2025-06-19,4599,67,4532,3,1.46
2025-06-20,6618,129,6489,4,1.95
2025-06-21,6459,202,6257,5,3.13
2025-06-22,3101,50,3051,3,1.61
2025-06-23,6191,216,5975,2,3.49
2025-06-24,4957,136,4821,3,2.74
2025-06-25,6606,222,6384,3,3.36
2025-06-26,4124,113,4011,3,2.74
2025-06-27,6308,119,6189,3,1.89
2025-06-28,7161,96,7065,5,1.34
2025-06-29,5159,88,5071,2,1.71
2025-06-30,6664,209,6455,2,3.14
2025-07-01,4880,132,4748,2,2.7
2025-07-02,5650,187,5463,1,3.31
2025-07-03,3943,121,3822,1,3.07
2025-07-04,5765,110,5655,5,1.91
2025-07-05,2465,67,2398,4,2.72
2025-07-06,3630,81,3549,5,2.23
2025-07-07,5330,85,5245,3,1.59
2025-07-08,7162,135,7027,2,1.88
2025-07-09,6829,154,6675,3,2.26
2025-07-10,5932,202,5730,5,3.41
2025-07-11,6034,89,5945,1,1.47
2025-07-12,5556,191,5365,1,3.44
2025-07-13,6582,139,6443,3,2.11
2025-07-14,4071,75,3996,1,1.84
2025-07-15,5818,123,5695,2,2.11
2025-07-16,5371,114,5257,5,2.12
2025-07-17,3678,101,3577,3,2.75
2025-07-18,4534,136,4398,3,3.0
2025-07-19,7377,209,7168,1,2.83
2025-07-20,6501,175,6326,2,2.69
2025-07-21,4849,61,4788,2,1.26
2025-07-22,6178,152,6026,1,2.46
2025-07-23,4851,120,4731,5,2.47
2025-07-24,6379,155,6224,1,2.43
2025-07-25,6451,206,6245,3,3.19
2025-07-26,4952,117,4835,5,2.36
2025-07-27,5623,88,5535,5,1.57
2025-07-28,5622,93,5529,3,1.65
2025-07-29,5852,175,5677,2,2.99
2025-07-30,6383,176,6207,3,2.76
2025-07-31,5343,143,5200,4,2.68
2025-08-01,6238,98,6140,3,1.57
2025-08-02,6109,133,5976,1,2.18
2025-08-03,6890,246,6644,4,3.57
2025-08-04,3012,50,2962,4,1.66
2025-08-05,6277,175,6102,1,2.79
2025-08-06,7984,133,7851,2,1.67
2025-08-07,8915,304,8611,2,3.41
2025-08-08,3780,131,3649,4,3.47
2025-08-09,5749,202,5547,4,3.51
2025-08-10,4047,68,3979,3,1.68
2025-08-11,6310,143,6167,2,2.27
2025-08-12,4230,75,4155,3,1.77
2025-08-13,6404,146,6258,4,2.28
2025-08-14,5622,194,5428,5,3.45
2025-08-15,4215,115,4100,4,2.73
2025-08-16,5232,168,5064,1,3.21
2025-08-17,7264,206,7058,4,2.84
2025-08-18,5680,102,5578,4,1.8
2025-08-19,3988,86,3902,1,2.16
2025-08-20,4506,120,4386,4,2.66
2025-08-21,6584,144,6440,2,2.19
2025-08-22,4738,129,4609,3,2.72
2025-08-23,6097,73,6024,5,1.2
2025-08-24,4351,93,4258,1,2.14
2025-08-25,6495,217,6278,5,3.34
2025-08-26,4247,75,4172,2,1.77
2025-08-27,4379,101,4278,1,2.31
2025-08-28,6813,175,6638,5,2.57
2025-08-29,7221,208,7013,5,2.88
2025-08-30,4092,61,4031,2,1.49
2025-08-31,5193,80,5113,3,1.54
2025-09-01,4983,138,4845,5,2.77
2025-09-02,6080,150,5930,5,2.47
2025-09-03,6369,78,6291,5,1.22
2025-09-04,4927,73,4854,4,1.48
2025-09-05,3952,85,3867,5,2.15
2025-09-06,4085,124,3961,4,3.04
2025-09-07,3243,46,3197,4,1.42
2025-09-08,4705,157,4548,3,3.34
2025-09-09,3848,89,3759,3,2.31
2025-09-10,7568,248,7320,3,3.28
2025-09-11,4479,123,4356,4,2.75
2025-09-12,5451,150,5301,4,2.75
2025-09-13,6514,189,6325,1,2.9
2025-09-14,7310,182,7128,2,2.49
2025-09-15,4714,63,4651,2,1.34
2025-09-16,5767,213,5554,5,3.69
2025-09-17,5416,91,5325,1,1.68
2025-09-18,4891,184,4707,4,3.76
2025-09-19,6010,205,5805,2,3.41
2025-09-20,3295,63,3232,2,1.91
2025-09-21,5145,110,5035,2,2.14
2025-09-22,4881,66,4815,3,1.35
2025-09-23,5598,152,5446,3,2.72
2025-09-24,5692,120,5572,5,2.11
2025-09-25,5641,212,5429,1,3.76
2025-09-26,7994,290,7704,1,3.63
2025-09-27,5576,135,5441,4,2.42
2025-09-28,3785,53,3732,2,1.4
2025-09-29,5491,151,5340,4,2.75
2025-09-30,4281,54,4227,1,1.26
2025-10-01,4538,65,4473,5,1.43
2025-10-02,5407,93,5314,3,1.72
2025-10-03,5334,104,5230,4,1.95
2025-10-04,3562,55,3507,5,1.54
2025-10-05,4985,100,4885,2,2.01
2025-10-06,4231,70,4161,4,1.65
2025-10-07,3737,79,3658,1,2.11
2025-10-08,5126,83,5043,1,1.62
2025-10-09,4791,99,4692,2,2.07
2025-10-10,5129,67,5062,1,1.31
2025-10-11,3758,137,3621,5,3.65
2025-10-12,6109,205,5904,4,3.36
2025-10-13,4946,77,4869,2,1.56
2025-10-14,4075,79,3996,5,1.94
2025-10-15,6948,187,6761,2,2.69
2025-10-16,6589,210,6379,1,3.19
2025-10-17,6489,193,6296,2,2.97
2025-10-18,4883,129,4754,4,2.64
2025-10-19,5571,86,5485,5,1.54
2025-10-20,3005,60,2945,1,2.0
2025-10-21,5709,176,5533,1,3.08
2025-10-22,5239,94,5145,3,1.79
2025-10-23,4442,97,4345,4,2.18
2025-10-24,4838,66,4772,5,1.36
2025-10-25,4473,158,4315,3,3.53
2025-10-26,4724,117,4607,3,2.48
2025-10-27,4879,77,4802,5,1.58
2025-10-28,4419,102,4317,1,2.31
2025-10-29,5573,70,5503,4,1.26
2025-10-30,6906,230,6676,4,3.33
2025-10-31,3519,94,3425,3,2.67
2025-11-01,5561,106,5455,5,1.91
2025-11-02,6223,101,6122,1,1.62
2025-11-03,3511,82,3429,4,2.34
2025-11-04,5286,109,5177,4,2.06
2025-11-05,3856,46,3810,4,1.19
2025-11-06,6258,197,6061,1,3.15
2025-11-07,5252,177,5075,4,3.37
2025-11-08,4007,137,3870,4,3.42
2025-11-09,7309,175,7134,5,2.39
2025-11-10,4277,64,4213,4,1.5
2025-11-11,6661,157,6504,5,2.36
2025-11-12,6953,172,6781,4,2.47
2025-11-13,5552,73,5479,2,1.31
2025-11-14,6902,244,6658,2,3.54
2025-11-15,5749,79,5670,2,1.37
2025-11-16,6483,236,6247,1,3.64
2025-11-17,6506,15,6491,2,0.23
2025-11-18,6099,209,5890,3,3.43
2025-11-19,5013,131,4882,4,2.61
2025-11-20,5271,92,5179,2,1.75
2025-11-21,6116,86,6030,2,1.41
2025-11-22,5905,110,5795,4,1.86
2025-11-23,5469,150,5319,1,2.74
2025-11-24,4905,84,4821,1,1.71
2025-11-25,4212,78,4134,5,1.85
2025-11-26,6327,117,6210,1,1.85
2025-11-27,7116,237,6879,2,3.33
2025-11-28,6489,201,6288,1,3.1
2025-11-29,3959,85,3874,4,2.15
2025-11-30,6538,199,6339,3,3.04
2025-12-01,6404,121,6283,2,1.89
2025-12-02,4921,167,4754,5,3.39
2025-12-03,5837,125,5712,3,2.14
2025-12-04,4284,111,4173,2,2.59
2025-12-05,6089,126,5963,4,2.07
2025-12-06,5760,70,5690,3,1.22
2025-12-07,5901,164,5737,1,2.78
2025-12-08,4454,135,4319,1,3.03
2025-12-09,7556,219,7337,5,2.9
2025-12-10,3774,132,3642,3,3.5
2025-12-11,4709,161,4548,4,3.42
2025-12-12,5100,83,5017,1,1.63
2025-12-13,4914,60,4854,5,1.22
2025-12-14,6130,164,5966,1,2.68
2025-12-15,5558,168,5390,3,3.02
2025-12-16,5272,189,5083,5,3.58
2025-12-17,5282,134,5148,5,2.54
2025-12-18,5890,95,5795,2,1.61
2025-12-19,7733,148,7585,3,1.91
2025-12-20,4485,92,4393,3,2.05
2025-12-21,3807,78,3729,3,2.05
2025-12-22,4231,113,4118,1,2.67
2025-12-23,6644,98,6546,2,1.48
2025-12-24,5542,84,5458,2,1.52
2025-12-25,5037,77,4960,3,1.53
2025-12-26,3942,128,3814,5,3.25
2025-12-27,6376,127,6249,2,1.99
2025-12-28,5123,162,4961,5,3.16
2025-12-29,6408,129,6279,5,2.01
2025-12-30,6017,74,5943,5,1.23
2025-12-31,5166,65,5101,4,1.26
2026-01-01,7490,264,7226,2,3.52
2026-01-02,4597,61,4536,4,1.33
2026-01-03,6821,91,6730,5,1.33
2026-01-04,6228,187,6041,2,3.0
2026-01-05,5240,110,5130,2,2.1
2026-01-06,4504,95,4409,3,2.11
2026-01-07,5300,87,5213,4,1.64
2026-01-08,5474,84,5390,1,1.53
2026-01-09,6624,186,6438,3,2.81
2026-01-10,4491,77,4414,1,1.71
2026-01-11,5721,96,5625,3,1.68
2026-01-12,4832,126,4706,1,2.61
2026-01-13,5974,107,5867,1,1.79
2026-01-14,5873,201,5672,5,3.42
2026-01-15,3799,78,3721,3,2.05
2026-01-16,7084,140,6944,4,1.98
2026-01-17,5446,128,5318,4,2.35
2026-01-18,6987,167,6820,4,2.39
2026-01-19,3715,82,3633,5,2.21
2026-01-20,6043,137,5906,4,2.27
2026-01-21,5321,122,5199,3,2.29
2026-01-22,6204,222,5982,3,3.58
2026-01-23,5065,181,4884,3,3.57
2026-01-24,5576,126,5450,4,2.26
2026-01-25,4762,100,4662,3,2.1
2026-01-26,5854,187,5667,2,3.19
2026-01-27,3866,100,3766,5,2.59
2026-01-28,5272,188,5084,5,3.57
2026-01-29,5780,168,5612,1,2.91
2026-01-30,6433,136,6297,1,2.11
2026-01-31,3747,117,3630,3,3.12
2026-02-01,4661,129,4532,3,2.77
2026-02-02,4252,92,4160,5,2.16
2026-02-03,5151,68,5083,2,1.32
2026-02-04,6602,227,6375,5,3.44
2026-02-05,4948,87,4861,5,1.76
2026-02-06,6342,219,6123,5,3.45
2026-02-07,6213,81,6132,2,1.3
2026-02-08,4573,148,4425,3,3.24
2026-02-09,6564,232,6332,2,3.53
2026-02-10,6240,140,6100,1,2.24
2026-02-11,1921,63,1858,1,3.28
2026-02-12,7551,286,7265,2,3.79
2026-02-13,4892,149,4743,3,3.05
2026-02-14,4268,71,4197,3,1.66
2026-02-15,6638,229,6409,4,3.45
2026-02-16,5095,84,5011,5,1.65
2026-02-17,3954,76,3878,2,1.92
2026-02-18,6122,210,5912,2,3.43
2026-02-19,6034,110,5924,4,1.82
2026-02-20,7869,252,7617,3,3.2
2026-02-21,4625,92,4533,5,1.99
2026-02-22,5353,167,5186,5,3.12
2026-02-23,3946,73,3873,4,1.85
2026-02-24,6446,209,6237,5,3.24
2026-02-25,5846,75,5771,4,1.28
2026-02-26,3990,60,3930,4,1.5
2026-02-27,5568,162,5406,3,2.91
2026-02-28,7318,209,7109,4,2.86
2026-03-01,7300,187,7113,5,2.56
2026-03-02,4237,149,4088,1,3.52
2026-03-03,3655,96,3559,2,2.63
2026-03-04,5710,208,5502,1,3.64
2026-03-05,6731,239,6492,4,3.55
2026-03-06,4102,121,3981,4,2.95
2026-03-07,4385,164,4221,5,3.74
2026-03-08,6783,210,6573,2,3.1
2026-03-09,6653,103,6550,1,1.55
2026-03-10,6752,166,6586,4,2.46
2026-03-11,4784,64,4720,2,1.34
2026-03-12,4842,147,4695,1,3.04
2026-03-13,7738,201,7537,4,2.6
2026-03-14,4460,96,4364,2,2.15
2026-03-15,6989,198,6791,1,2.83
2026-03-16,4863,100,4763,3,2.06
2026-03-17,5473,110,5363,5,2.01
2026-03-18,4487,105,4382,4,2.34
2026-03-19,6340,150,6190,3,2.37
2026-03-20,7776,226,7550,3,2.91
2026-03-21,5825,169,5656,3,2.9
2026-03-22,4143,75,4068,3,1.81
2026-03-23,2432,72,2360,1,2.96
2026-03-24,4663,115,4548,3,2.47
2026-03-25,6580,100,6480,3,1.52
2026-03-26,7449,245,7204,3,3.29
2026-03-27,4216,80,4136,5,1.9
2026-03-28,6633,179,6454,4,2.7
2026-03-29,6502,83,6419,2,1.28
2026-03-30,5985,192,5793,5,3.21
2026-03-31,5296,151,5145,1,2.85
2026-04-01,3758,85,3673,1,2.26
2026-04-02,7865,295,7570,3,3.75
2026-04-03,4534,114,4420,5,2.51
2026-05-01,6859,94,6765,4,1.37
2026-05-02,5258,152,5106,3,2.89
2026-05-03,4493,65,4428,1,1.45
2026-06-01,4526,64,4462,3,1.41
2026-06-02,5204,189,5015,3,3.63
2026-06-03,3810,111,3699,4,2.91
2026-07-01,5459,204,5255,4,3.74
2026-07-02,6693,165,6528,1,2.47
2026-07-03,5243,173,5070,2,3.3
2026-08-01,6753,114,6639,2,1.69
2026-08-02,8219,144,8075,1,1.75
2026-08-03,5063,118,4945,4,2.33
2026-09-01,5288,189,5099,3,3.57
2026-09-02,4612,173,4439,4,3.75
2026-09-03,5638,206,5432,5,3.65
2026-10-01,6220,80,6140,5,1.29
2026-10-02,3882,51,3831,1,1.31
2026-10-03,6519,151,6368,2,2.32
2026-11-01,6182,228,5954,3,3.69
2026-11-02,3627,109,3518,2,3.01
2026-11-03,7939,251,7688,1,3.16
2026-12-01,4684,172,4512,1,3.67
2026-12-02,5634,114,5520,1,2.02
2026-12-03,6109,124,5985,1,2.03
