Code_Article_Parent,Code_Composant,Quantite_Par_Piece,Unite_Mesure
ART-1392,ART-1549,1.018,PCE
ART-1392,ART-1036,0.3,PCE
ART-1392,ART-1245,0.329,PCE
ART-1392,ART-1016,0.109,PCE
ART-1512,ART-1262,0.619,PCE
ART-1512,ART-1616,0.31,PCE
ART-1633,ART-1538,0.161,PCE
ART-1633,ART-1665,0.455,PCE
ART-1576,ART-1514,0.922,PCE
ART-1576,ART-1502,1.073,PCE
ART-1576,ART-1524,1.048,PCE
ART-1587,ART-1664,0.333,PCE
ART-1587,ART-1264,0.551,PCE
ART-1587,ART-1160,0.537,PCE
ART-1587,ART-1207,1.469,PCE
ART-1277,ART-1329,0.657,PCE
ART-1277,ART-1050,0.715,PCE
ART-1277,ART-1543,1.101,PCE
ART-1277,ART-1410,0.883,PCE
ART-1204,ART-1462,0.518,PCE
ART-1204,ART-1701,0.854,PCE
ART-1204,ART-1087,0.265,PCE
ART-1204,ART-1659,0.184,PCE
ART-1138,ART-1361,0.39,PCE
ART-1138,ART-1773,1.137,PCE
ART-1353,ART-1113,0.757,PCE
ART-1353,ART-1012,1.421,PCE
ART-1353,ART-1633,0.133,PCE
ART-1312,ART-1730,1.068,PCE
ART-1312,ART-1377,0.786,PCE
ART-1312,ART-1244,0.69,PCE
ART-1471,ART-1481,0.333,PCE
ART-1471,ART-1558,0.762,PCE
ART-1463,ART-1115,0.24,PCE
ART-1463,ART-1409,0.921,PCE
ART-1463,ART-1143,0.1,PCE
ART-1477,ART-1624,0.277,PCE
ART-1477,ART-1569,1.282,PCE
ART-1477,ART-1714,1.103,PCE
ART-1495,ART-1137,0.906,PCE
ART-1495,ART-1790,0.191,PCE
ART-1495,ART-1591,0.845,PCE
ART-1495,ART-1013,1.069,PCE
ART-1708,ART-1385,0.172,PCE
ART-1708,ART-1724,1.49,PCE
ART-1035,ART-1366,0.787,PCE
ART-1035,ART-1610,0.278,PCE
ART-1035,ART-1223,1.023,PCE
ART-1035,ART-1103,1.143,PCE
ART-1078,ART-1522,1.364,PCE
ART-1078,ART-1567,1.261,PCE
ART-1078,ART-1786,0.264,PCE
ART-1086,ART-1254,0.316,PCE
ART-1086,ART-1591,0.599,PCE
ART-1711,ART-1783,1.129,PCE
ART-1711,ART-1041,1.26,PCE
ART-1146,ART-1103,0.969,PCE
ART-1146,ART-1730,0.423,PCE
ART-1146,ART-1548,0.126,PCE
ART-1146,ART-1756,0.065,PCE
ART-1183,ART-1588,0.621,PCE
ART-1183,ART-1002,0.751,PCE
ART-1458,ART-1063,0.394,PCE
ART-1458,ART-1532,0.668,PCE
ART-1458,ART-1058,1.109,PCE
ART-1485,ART-1212,1.304,PCE
ART-1485,ART-1724,0.616,PCE
ART-1661,ART-1772,0.56,PCE
ART-1661,ART-1270,0.142,PCE
ART-1178,ART-1551,0.734,PCE
ART-1178,ART-1052,0.44,PCE
ART-1402,ART-1384,1.447,PCE
ART-1402,ART-1204,1.407,PCE
ART-1402,ART-1608,1.28,PCE
ART-1402,ART-1695,1.384,PCE
ART-1625,ART-1614,0.715,PCE
ART-1625,ART-1607,0.287,PCE
ART-1625,ART-1121,1.254,PCE
ART-1625,ART-1673,0.521,PCE
ART-1449,ART-1767,0.775,PCE
ART-1449,ART-1526,1.317,PCE
ART-1449,ART-1364,0.524,PCE
ART-1113,ART-1699,0.218,PCE
ART-1113,ART-1032,0.473,PCE
ART-1007,ART-1325,1.23,PCE
ART-1007,ART-1076,1.281,PCE
ART-1007,ART-1366,0.295,PCE
ART-1366,ART-1618,0.251,PCE
ART-1366,ART-1566,1.457,PCE
ART-1341,ART-1097,0.534,PCE
ART-1341,ART-1715,0.092,PCE
ART-1341,ART-1082,0.229,PCE
ART-1122,ART-1778,0.601,PCE
ART-1122,ART-1633,1.439,PCE
ART-1122,ART-1245,0.143,PCE
ART-1356,ART-1600,1.243,PCE
ART-1356,ART-1358,0.682,PCE
ART-1578,ART-1590,0.267,PCE
ART-1578,ART-1376,1.016,PCE
ART-1344,ART-1186,1.185,PCE
ART-1344,ART-1696,0.133,PCE
ART-1344,ART-1719,0.743,PCE
ART-1344,ART-1563,0.975,PCE
ART-1597,ART-1161,1.175,PCE
ART-1597,ART-1515,0.138,PCE
ART-1554,ART-1636,1.139,PCE
ART-1554,ART-1473,1.081,PCE
ART-1554,ART-1132,0.346,PCE
ART-1259,ART-1679,0.653,PCE
ART-1259,ART-1738,0.549,PCE
ART-1024,ART-1600,0.245,PCE
ART-1024,ART-1702,0.834,PCE
ART-1606,ART-1774,0.214,PCE
ART-1606,ART-1038,0.351,PCE
ART-1606,ART-1661,1.446,PCE
ART-1606,ART-1226,1.438,PCE
ART-1181,ART-1201,0.749,PCE
ART-1181,ART-1441,0.324,PCE
ART-1671,ART-1616,0.84,PCE
ART-1671,ART-1050,1.271,PCE
ART-1562,ART-1275,1.351,PCE
ART-1562,ART-1513,0.365,PCE
ART-1369,ART-1517,0.677,PCE
ART-1369,ART-1196,1.238,PCE
ART-1369,ART-1146,1.053,PCE
ART-1369,ART-1165,0.225,PCE
ART-1790,ART-1357,0.314,PCE
ART-1790,ART-1187,0.434,PCE
ART-1559,ART-1378,1.342,PCE
ART-1559,ART-1107,0.527,PCE
ART-1423,ART-1216,0.665,PCE
ART-1423,ART-1368,1.033,PCE
ART-1416,ART-1057,1.153,PCE
ART-1416,ART-1739,1.074,PCE
ART-1416,ART-1656,0.802,PCE
ART-1416,ART-1419,0.948,PCE
ART-1286,ART-1100,1.15,PCE
ART-1286,ART-1430,0.66,PCE
ART-1461,ART-1130,1.443,PCE
ART-1461,ART-1482,1.274,PCE
ART-1461,ART-1341,1.385,PCE
ART-1681,ART-1386,0.867,PCE
ART-1681,ART-1442,0.597,PCE
ART-1681,ART-1361,0.311,PCE
ART-1681,ART-1298,0.768,PCE
ART-1539,ART-1008,1.026,PCE
ART-1539,ART-1374,1.252,PCE
ART-1200,ART-1597,0.364,PCE
ART-1200,ART-1323,1.457,PCE
ART-1200,ART-1015,0.835,PCE
ART-1213,ART-1392,0.786,PCE
ART-1213,ART-1231,0.368,PCE
ART-1213,ART-1363,0.455,PCE
ART-1084,ART-1118,1.083,PCE
ART-1084,ART-1469,0.961,PCE
ART-1680,ART-1472,0.95,PCE
ART-1680,ART-1519,0.124,PCE
ART-1680,ART-1231,0.056,PCE
ART-1013,ART-1401,1.199,PCE
ART-1013,ART-1644,0.507,PCE
ART-1013,ART-1756,0.873,PCE
ART-1001,ART-1582,1.128,PCE
ART-1001,ART-1158,0.201,PCE
ART-1001,ART-1789,0.899,PCE
ART-1001,ART-1797,1.497,PCE
ART-1309,ART-1314,0.4,PCE
ART-1309,ART-1648,0.515,PCE
ART-1309,ART-1123,0.601,PCE
ART-1309,ART-1658,0.345,PCE
ART-1464,ART-1391,1.465,PCE
ART-1464,ART-1106,1.42,PCE
ART-1282,ART-1616,1.231,PCE
ART-1282,ART-1455,0.873,PCE
ART-1282,ART-1323,1.182,PCE
ART-1282,ART-1319,1.382,PCE
ART-1196,ART-1629,1.064,PCE
ART-1196,ART-1211,0.755,PCE
ART-1245,ART-1718,0.697,PCE
ART-1245,ART-1239,0.057,PCE
ART-1245,ART-1370,0.49,PCE
ART-1245,ART-1542,0.696,PCE
ART-1695,ART-1772,1.416,PCE
ART-1695,ART-1288,0.788,PCE
ART-1695,ART-1447,1.442,PCE
ART-1695,ART-1776,0.339,PCE
ART-1089,ART-1163,0.257,PCE
ART-1089,ART-1367,1.266,PCE
ART-1089,ART-1122,1.443,PCE
ART-1089,ART-1253,0.247,PCE
ART-1543,ART-1688,0.184,PCE
ART-1543,ART-1223,0.347,PCE
ART-1543,ART-1089,1.171,PCE
ART-1381,ART-1437,0.436,PCE
ART-1381,ART-1725,0.296,PCE
ART-1381,ART-1338,0.448,PCE
ART-1098,ART-1191,0.174,PCE
ART-1098,ART-1477,1.119,PCE
ART-1098,ART-1308,0.937,PCE
ART-1098,ART-1635,1.411,PCE
ART-1786,ART-1693,0.802,PCE
ART-1786,ART-1466,0.988,PCE
ART-1786,ART-1728,1.261,PCE
ART-1786,ART-1573,1.435,PCE
ART-1223,ART-1483,0.622,PCE
ART-1223,ART-1775,0.998,PCE
ART-1223,ART-1520,0.726,PCE
ART-1760,ART-1480,0.074,PCE
ART-1760,ART-1525,0.517,PCE
ART-1760,ART-1771,0.267,PCE
ART-1700,ART-1220,1.307,PCE
ART-1700,ART-1057,0.52,PCE
ART-1700,ART-1597,1.405,PCE
ART-1700,ART-1662,0.532,PCE
ART-1521,ART-1569,0.434,PCE
ART-1521,ART-1742,0.791,PCE
ART-1521,ART-1177,0.492,PCE
ART-1162,ART-1117,1.026,PCE
ART-1162,ART-1209,1.253,PCE
ART-1270,ART-1294,1.16,PCE
ART-1270,ART-1489,1.499,PCE
ART-1252,ART-1355,0.446,PCE
ART-1252,ART-1114,0.37,PCE
ART-1791,ART-1243,0.832,PCE
ART-1791,ART-1115,0.065,PCE
ART-1088,ART-1110,1.041,PCE
ART-1088,ART-1196,0.966,PCE
ART-1144,ART-1003,0.113,PCE
ART-1144,ART-1300,1.209,PCE
ART-1144,ART-1132,1.083,PCE
ART-1071,ART-1780,0.821,PCE
ART-1071,ART-1336,0.454,PCE
ART-1071,ART-1264,1.311,PCE
ART-1093,ART-1165,0.924,PCE
ART-1093,ART-1274,0.946,PCE
ART-1740,ART-1364,0.459,PCE
ART-1740,ART-1174,1.353,PCE
ART-1455,ART-1292,0.901,PCE
ART-1455,ART-1453,0.969,PCE
ART-1691,ART-1019,0.134,PCE
ART-1691,ART-1439,1.273,PCE
ART-1691,ART-1502,1.307,PCE
ART-1691,ART-1531,1.373,PCE
ART-1428,ART-1189,0.152,PCE
ART-1428,ART-1323,0.899,PCE
ART-1428,ART-1073,1.149,PCE
ART-1173,ART-1196,0.816,PCE
ART-1173,ART-1210,0.394,PCE
ART-1173,ART-1145,0.291,PCE
ART-1173,ART-1693,0.66,PCE
ART-1614,ART-1166,0.856,PCE
ART-1614,ART-1227,0.971,PCE
ART-1614,ART-1170,0.287,PCE
ART-1614,ART-1744,0.623,PCE
ART-1056,ART-1769,0.683,PCE
ART-1056,ART-1150,1.473,PCE
ART-1056,ART-1547,0.235,PCE
ART-1699,ART-1074,0.082,PCE
ART-1699,ART-1111,0.955,PCE
ART-1699,ART-1435,0.312,PCE
ART-1041,ART-1476,0.852,PCE
ART-1041,ART-1212,1.399,PCE
ART-1116,ART-1566,1.196,PCE
ART-1116,ART-1294,0.578,PCE
ART-1116,ART-1528,0.072,PCE
ART-1063,ART-1719,0.851,PCE
ART-1063,ART-1270,1.261,PCE
ART-1063,ART-1795,1.483,PCE
ART-1588,ART-1760,0.773,PCE
ART-1588,ART-1666,0.826,PCE
ART-1509,ART-1256,0.798,PCE
ART-1509,ART-1216,0.552,PCE
ART-1509,ART-1767,0.426,PCE
ART-1434,ART-1704,0.616,PCE
ART-1434,ART-1758,0.828,PCE
ART-1434,ART-1608,0.209,PCE
ART-1085,ART-1172,0.454,PCE
ART-1085,ART-1374,1.099,PCE
ART-1360,ART-1609,1.148,PCE
ART-1360,ART-1374,0.702,PCE
ART-1360,ART-1123,0.399,PCE
ART-1360,ART-1702,1.374,PCE
ART-1609,ART-1643,0.289,PCE
ART-1609,ART-1570,1.009,PCE
ART-1609,ART-1167,0.094,PCE
ART-1326,ART-1416,0.39,PCE
ART-1326,ART-1131,0.874,PCE
ART-1594,ART-1766,0.815,PCE
ART-1594,ART-1463,0.466,PCE
ART-1447,ART-1025,0.611,PCE
ART-1447,ART-1145,0.979,PCE
ART-1447,ART-1462,0.857,PCE
ART-1447,ART-1354,0.162,PCE
ART-1136,ART-1052,1.261,PCE
ART-1136,ART-1497,1.259,PCE
ART-1136,ART-1612,0.464,PCE
ART-1683,ART-1481,1.302,PCE
ART-1683,ART-1725,0.456,PCE
ART-1683,ART-1071,1.001,PCE
ART-1683,ART-1634,0.326,PCE
ART-1297,ART-1048,1.189,PCE
ART-1297,ART-1286,0.059,PCE
ART-1775,ART-1223,1.123,PCE
ART-1775,ART-1375,1.095,PCE
ART-1775,ART-1355,0.539,PCE
ART-1775,ART-1002,0.791,PCE
ART-1362,ART-1079,0.212,PCE
ART-1362,ART-1536,0.547,PCE
ART-1328,ART-1417,0.292,PCE
ART-1328,ART-1554,1.001,PCE
ART-1328,ART-1355,1.081,PCE
ART-1679,ART-1611,0.537,PCE
ART-1679,ART-1528,1.412,PCE
ART-1679,ART-1733,0.141,PCE
ART-1488,ART-1049,1.209,PCE
ART-1488,ART-1539,0.277,PCE
ART-1311,ART-1091,0.247,PCE
ART-1311,ART-1163,0.109,PCE
ART-1311,ART-1279,1.458,PCE
ART-1233,ART-1147,0.112,PCE
ART-1233,ART-1036,0.729,PCE
ART-1233,ART-1090,0.547,PCE
ART-1317,ART-1101,0.213,PCE
ART-1317,ART-1133,0.47,PCE
ART-1317,ART-1316,0.209,PCE
ART-1317,ART-1560,1.237,PCE
ART-1712,ART-1045,0.622,PCE
ART-1712,ART-1741,0.895,PCE
ART-1712,ART-1369,1.249,PCE
ART-1646,ART-1600,1.24,PCE
ART-1646,ART-1360,0.627,PCE
ART-1646,ART-1701,0.108,PCE
ART-1646,ART-1214,0.562,PCE
ART-1095,ART-1557,0.158,PCE
ART-1095,ART-1043,0.08,PCE
ART-1095,ART-1264,0.649,PCE
ART-1095,ART-1687,0.529,PCE
ART-1481,ART-1489,0.525,PCE
ART-1481,ART-1025,0.746,PCE
ART-1481,ART-1288,0.766,PCE
ART-1724,ART-1493,0.804,PCE
ART-1724,ART-1447,0.148,PCE
ART-1772,ART-1646,0.875,PCE
ART-1772,ART-1014,0.745,PCE
ART-1721,ART-1715,0.124,PCE
ART-1721,ART-1379,0.826,PCE
ART-1721,ART-1106,1.007,PCE
ART-1721,ART-1406,1.029,PCE
ART-1288,ART-1582,0.261,PCE
ART-1288,ART-1533,1.014,PCE
ART-1288,ART-1691,0.457,PCE
ART-1129,ART-1331,1.39,PCE
ART-1129,ART-1381,0.371,PCE
ART-1129,ART-1401,0.813,PCE
ART-1129,ART-1175,1.204,PCE
ART-1430,ART-1074,1.391,PCE
ART-1430,ART-1080,1.353,PCE
ART-1430,ART-1539,1.094,PCE
ART-1430,ART-1031,1.145,PCE
ART-1047,ART-1553,0.603,PCE
ART-1047,ART-1136,1.445,PCE
ART-1047,ART-1547,1.17,PCE
ART-1662,ART-1438,0.95,PCE
ART-1662,ART-1305,0.082,PCE
ART-1662,ART-1045,0.492,PCE
ART-1467,ART-1675,1.221,PCE
ART-1467,ART-1719,1.34,PCE
ART-1732,ART-1725,0.658,PCE
ART-1732,ART-1476,0.849,PCE
ART-1732,ART-1008,0.994,PCE
ART-1732,ART-1166,0.234,PCE
ART-1066,ART-1538,0.166,PCE
ART-1066,ART-1154,0.632,PCE
ART-1066,ART-1592,1.456,PCE
ART-1066,ART-1745,0.312,PCE
ART-1505,ART-1698,0.18,PCE
ART-1505,ART-1168,0.286,PCE
ART-1505,ART-1071,0.251,PCE
ART-1505,ART-1498,0.86,PCE
ART-1192,ART-1364,0.914,PCE
ART-1192,ART-1343,0.686,PCE
ART-1192,ART-1618,1.197,PCE
ART-1126,ART-1257,0.267,PCE
ART-1126,ART-1553,1.097,PCE
ART-1126,ART-1453,0.278,PCE
ART-1126,ART-1628,0.19,PCE
ART-1154,ART-1135,0.577,PCE
ART-1154,ART-1353,1.008,PCE
ART-1154,ART-1123,1.347,PCE
ART-1154,ART-1260,1.198,PCE
ART-1290,ART-1388,1.113,PCE
ART-1290,ART-1451,1.285,PCE
ART-1290,ART-1474,0.377,PCE
ART-1062,ART-1270,0.4,PCE
ART-1062,ART-1357,0.606,PCE
ART-1062,ART-1084,1.049,PCE
ART-1062,ART-1400,0.467,PCE
ART-1417,ART-1647,0.844,PCE
ART-1417,ART-1760,1.452,PCE
ART-1417,ART-1151,1.241,PCE
ART-1417,ART-1444,0.949,PCE
ART-1262,ART-1746,0.378,PCE
ART-1262,ART-1125,0.36,PCE
ART-1325,ART-1091,1.09,PCE
ART-1325,ART-1602,0.146,PCE
ART-1006,ART-1794,1.226,PCE
ART-1006,ART-1508,1.322,PCE
ART-1006,ART-1363,1.428,PCE
ART-1006,ART-1018,1.292,PCE
ART-1583,ART-1401,1.343,PCE
ART-1583,ART-1480,0.657,PCE
ART-1583,ART-1315,0.313,PCE
ART-1487,ART-1741,1.396,PCE
ART-1487,ART-1789,1.065,PCE
ART-1292,ART-1777,1.244,PCE
ART-1292,ART-1751,0.977,PCE
ART-1292,ART-1296,0.826,PCE
ART-1421,ART-1298,1.222,PCE
ART-1421,ART-1781,1.195,PCE
ART-1510,ART-1111,0.175,PCE
ART-1510,ART-1694,1.465,PCE
ART-1454,ART-1403,0.494,PCE
ART-1454,ART-1194,0.363,PCE
ART-1454,ART-1284,1.45,PCE
ART-1273,ART-1333,0.486,PCE
ART-1273,ART-1672,1.273,PCE
ART-1034,ART-1601,0.179,PCE
ART-1034,ART-1674,0.591,PCE
ART-1372,ART-1741,1.359,PCE
ART-1372,ART-1399,1.205,PCE
ART-1372,ART-1561,1.219,PCE
ART-1342,ART-1332,0.961,PCE
ART-1342,ART-1191,0.472,PCE
ART-1342,ART-1146,0.149,PCE
ART-1342,ART-1392,1.468,PCE
ART-1749,ART-1100,0.871,PCE
ART-1749,ART-1724,0.71,PCE
ART-1749,ART-1537,1.472,PCE
ART-1076,ART-1725,1.089,PCE
ART-1076,ART-1718,1.154,PCE
