Date_Production,Quantite_Rebut_Totale,Nb_OF_Impactes,Cause_Principale,Cout_Rebut_Estime_TND
2026-02-05,298,114,Point noir / Pollution,551.3
2026-02-06,540,114,Sous-dosage,999.0
2026-02-07,125,80,Brûlure matière,231.25
2026-02-08,0,1,Sous-dosage,0.0
2026-02-09,400,139,Sous-dosage,740.0
2026-02-10,238,136,Bavure d'injection,440.3
2026-02-11,380,119,Brûlure matière,703.0
2026-02-12,441,94,Brûlure matière,815.85
2026-02-13,349,139,Brûlure matière,645.65
2026-02-14,0,55,Sous-dosage,0.0
2026-02-15,0,30,Point noir / Pollution,0.0
2026-02-16,532,115,Brûlure matière,984.2
2026-02-17,710,118,Sous-dosage,1313.5
2026-02-18,182,104,Bavure d'injection,336.7
2026-02-19,900,97,Point noir / Pollution,1665.0
2026-02-20,230,121,Bavure d'injection,425.5
2026-02-21,0,71,Point noir / Pollution,0.0
2026-02-22,0,24,Sous-dosage,0.0
2026-02-23,370,99,Retassure / Déformation,684.5
2026-02-24,204,130,Point noir / Pollution,377.4
2026-02-25,226,113,Bavure d'injection,418.1
2026-02-26,565,121,Sous-dosage,1045.25
2026-02-27,132,105,Point noir / Pollution,244.2
2026-02-28,0,103,Retassure / Déformation,0.0
2026-03-02,465,102,Retassure / Déformation,860.25
2026-03-03,217,81,Brûlure matière,401.45
2026-03-04,225,98,Brûlure matière,416.25
2026-03-05,1051,134,Bavure d'injection,1944.35
2026-03-06,467,91,Point noir / Pollution,863.95
2026-03-07,0,68,Point noir / Pollution,0.0
2026-03-08,0,70,Brûlure matière,0.0
2026-03-09,618,100,Point noir / Pollution,1143.3
2026-03-10,341,146,Point noir / Pollution,630.85
2026-03-11,301,122,Retassure / Déformation,556.85
2026-03-12,266,114,Brûlure matière,492.1
2026-03-13,428,125,Sous-dosage,791.8
2026-03-14,0,86,Brûlure matière,0.0
2026-03-15,0,32,Sous-dosage,0.0
2026-03-16,357,128,Retassure / Déformation,660.45
2026-03-17,297,119,Bavure d'injection,549.45
2026-03-18,246,96,Point noir / Pollution,455.1
2026-03-19,544,129,Retassure / Déformation,1006.4
2026-03-20,253,49,Point noir / Pollution,468.05
2026-03-23,429,97,Bavure d'injection,793.65
2026-03-24,339,111,Bavure d'injection,627.15
2026-03-25,329,107,Retassure / Déformation,608.65
2026-03-26,492,123,Bavure d'injection,910.2
2026-03-27,0,65,Sous-dosage,0.0
2026-03-28,0,59,Bavure d'injection,0.0
2026-03-29,0,57,Point noir / Pollution,0.0
