Date_Production,Quantite_Produite,Quantite_Rebut,Nb_Ordres,Quantite_Bonne,Taux_Rebut_Pct
2026-02-05,315152,298,114,314854,0.09
2026-02-06,320181,540,114,319641,0.17
2026-02-07,246972,125,80,246847,0.05
2026-02-08,1040,0,1,1040,0.0
2026-02-09,520284,400,139,519884,0.08
2026-02-10,280805,238,136,280567,0.08
2026-02-11,334694,380,119,334314,0.11
2026-02-12,206705,441,94,206264,0.21
2026-02-13,345443,349,139,345094,0.1
2026-02-14,229434,0,55,229434,0.0
2026-02-15,36462,0,30,36462,0.0
2026-02-16,293127,532,115,292595,0.18
2026-02-17,336303,710,118,335593,0.21
2026-02-18,246399,182,104,246217,0.07
2026-02-19,235501,900,97,234601,0.38
2026-02-20,313525,230,121,313295,0.07
2026-02-21,245943,0,71,245943,0.0
2026-02-22,85082,0,24,85082,0.0
2026-02-23,233493,370,99,233123,0.16
2026-02-24,483038,204,130,482834,0.04
2026-02-25,264193,226,113,263967,0.09
2026-02-26,437407,565,121,436842,0.13
2026-02-27,249145,132,105,249013,0.05
2026-02-28,421316,0,103,421316,0.0
2026-03-02,239576,465,102,239111,0.19
2026-03-03,259895,217,81,259678,0.08
2026-03-04,250484,225,98,250259,0.09
2026-03-05,388655,1051,134,387604,0.27
2026-03-06,292105,467,91,291638,0.16
2026-03-07,197605,0,68,197605,0.0
2026-03-08,247414,0,70,247414,0.0
2026-03-09,471143,618,100,470525,0.13
2026-03-10,324787,341,146,324446,0.1
2026-03-11,288453,301,122,288152,0.1
2026-03-12,376906,266,114,376640,0.07
2026-03-13,297696,428,125,297268,0.14
2026-03-14,301072,0,86,301072,0.0
2026-03-15,143986,0,32,143986,0.0
2026-03-16,424822,357,128,424465,0.08
2026-03-17,274331,297,119,274034,0.11
2026-03-18,293134,246,96,292888,0.08
2026-03-19,314250,544,129,313706,0.17
2026-03-20,46171,253,49,45918,0.55
2026-03-23,225578,429,97,225149,0.19
2026-03-24,406033,339,111,405694,0.08
2026-03-25,269738,329,107,269409,0.12
2026-03-26,364463,492,123,363971,0.13
2026-03-27,247971,0,65,247971,0.0
2026-03-28,149117,0,59,149117,0.0
2026-03-29,328881,0,57,328881,0.0
