Code_Machine,Nom_Machine,Atelier,Site,Tonnage,Cadence_Nominale_Heure,Statut_Operationnel
MACH-001,Presse à Injecter 50T (Kondar),Atelier Injection 1,Kondar,50,16971,ACTIF
MACH-002,Presse à Injecter 80T (Sousse),Atelier Injection 2,Sousse,80,13416,ACTIF
MACH-003,Presse à Injecter 120T (Brno),Atelier Injection 3,Brno,120,10954,ACTIF
MACH-004,Presse à Injecter 160T (Kondar),Atelier Injection 4,Kondar,160,9487,ACTIF
MACH-005,Presse à Injecter 250T (Sousse),Atelier Injection 1,Sousse,250,7589,ACTIF
MACH-006,Presse à Injecter 320T (Brno),Atelier Injection 2,Brno,320,6708,ACTIF
MACH-007,Presse à Injecter 450T (Kondar),Atelier Injection 3,Kondar,450,5657,ACTIF
MACH-008,Presse à Injecter 600T (Sousse),Atelier Injection 4,Sousse,600,4899,ACTIF
MACH-009,Presse à Injecter 800T (Brno),Atelier Injection 1,Brno,800,4243,ACTIF
MACH-010,Presse à Injecter 1000T (Kondar),Atelier Injection 2,Kondar,1000,3795,ACTIF
MACH-011,Presse à Injecter 1500T (Sousse),Atelier Injection 3,Sousse,1500,3098,ACTIF
MACH-012,Presse à Injecter 50T (Brno),Atelier Injection 4,Brno,50,16971,ACTIF
MACH-013,Presse à Injecter 80T (Kondar),Atelier Injection 1,Kondar,80,13416,ACTIF
MACH-014,Presse à Injecter 120T (Sousse),Atelier Injection 2,Sousse,120,10954,ACTIF
MACH-015,Presse à Injecter 160T (Brno),Atelier Injection 3,Brno,160,9487,ACTIF
MACH-016,Presse à Injecter 250T (Kondar),Atelier Injection 4,Kondar,250,7589,ACTIF
MACH-017,Presse à Injecter 320T (Sousse),Atelier Injection 1,Sousse,320,6708,ACTIF
MACH-018,Presse à Injecter 450T (Brno),Atelier Injection 2,Brno,450,5657,ACTIF
MACH-019,Presse à Injecter 600T (Kondar),Atelier Injection 3,Kondar,600,4899,ACTIF
MACH-020,Presse à Injecter 800T (Sousse),Atelier Injection 4,Sousse,800,4243,ACTIF
MACH-021,Presse à Injecter 1000T (Brno),Atelier Injection 1,Brno,1000,3795,ACTIF
MACH-022,Presse à Injecter 1500T (Kondar),Atelier Injection 2,Kondar,1500,3098,ACTIF
MACH-023,Presse à Injecter 50T (Sousse),Atelier Injection 3,Sousse,50,16971,ACTIF
MACH-024,Presse à Injecter 80T (Brno),Atelier Injection 4,Brno,80,13416,ACTIF
MACH-025,Presse à Injecter 120T (Kondar),Atelier Injection 1,Kondar,120,10954,ACTIF
MACH-026,Presse à Injecter 160T (Sousse),Atelier Injection 2,Sousse,160,9487,ACTIF
MACH-027,Presse à Injecter 250T (Brno),Atelier Injection 3,Brno,250,7589,ACTIF
MACH-028,Presse à Injecter 320T (Kondar),Atelier Injection 4,Kondar,320,6708,ACTIF
MACH-029,Presse à Injecter 450T (Sousse),Atelier Injection 1,Sousse,450,5657,ACTIF
MACH-030,Presse à Injecter 600T (Brno),Atelier Injection 2,Brno,600,4899,ACTIF
MACH-031,Presse à Injecter 800T (Kondar),Atelier Injection 3,Kondar,800,4243,ACTIF
MACH-032,Presse à Injecter 1000T (Sousse),Atelier Injection 4,Sousse,1000,3795,ACTIF
MACH-033,Presse à Injecter 1500T (Brno),Atelier Injection 1,Brno,1500,3098,ACTIF
MACH-034,Presse à Injecter 50T (Kondar),Atelier Injection 2,Kondar,50,16971,ACTIF
MACH-035,Presse à Injecter 80T (Sousse),Atelier Injection 3,Sousse,80,13416,ACTIF
MACH-036,Presse à Injecter 120T (Brno),Atelier Injection 4,Brno,120,10954,ACTIF
MACH-037,Presse à Injecter 160T (Kondar),Atelier Injection 1,Kondar,160,9487,ACTIF
MACH-038,Presse à Injecter 250T (Sousse),Atelier Injection 2,Sousse,250,7589,ACTIF
MACH-039,Presse à Injecter 320T (Brno),Atelier Injection 3,Brno,320,6708,ACTIF
MACH-040,Presse à Injecter 450T (Kondar),Atelier Injection 4,Kondar,450,5657,ACTIF
MACH-041,Presse à Injecter 600T (Sousse),Atelier Injection 1,Sousse,600,4899,ACTIF
MACH-042,Presse à Injecter 800T (Brno),Atelier Injection 2,Brno,800,4243,ACTIF
MACH-043,Presse à Injecter 1000T (Kondar),Atelier Injection 3,Kondar,1000,3795,ACTIF
MACH-044,Presse à Injecter 1500T (Sousse),Atelier Injection 4,Sousse,1500,3098,ACTIF
MACH-045,Presse à Injecter 50T (Brno),Atelier Injection 1,Brno,50,16971,ACTIF
MACH-046,Presse à Injecter 80T (Kondar),Atelier Injection 2,Kondar,80,13416,ACTIF
MACH-047,Presse à Injecter 120T (Sousse),Atelier Injection 3,Sousse,120,10954,ACTIF
MACH-048,Presse à Injecter 160T (Brno),Atelier Injection 4,Brno,160,9487,ACTIF
MACH-049,Presse à Injecter 250T (Kondar),Atelier Injection 1,Kondar,250,7589,ACTIF
MACH-050,Presse à Injecter 320T (Sousse),Atelier Injection 2,Sousse,320,6708,ACTIF
MACH-051,Presse à Injecter 450T (Brno),Atelier Injection 3,Brno,450,5657,ACTIF
MACH-052,Presse à Injecter 600T (Kondar),Atelier Injection 4,Kondar,600,4899,ACTIF
MACH-053,Presse à Injecter 800T (Sousse),Atelier Injection 1,Sousse,800,4243,ACTIF
MACH-054,Presse à Injecter 1000T (Brno),Atelier Injection 2,Brno,1000,3795,ACTIF
MACH-055,Presse à Injecter 1500T (Kondar),Atelier Injection 3,Kondar,1500,3098,ACTIF
MACH-056,Presse à Injecter 50T (Sousse),Atelier Injection 4,Sousse,50,16971,ACTIF
MACH-057,Presse à Injecter 80T (Brno),Atelier Injection 1,Brno,80,13416,ACTIF
MACH-058,Presse à Injecter 120T (Kondar),Atelier Injection 2,Kondar,120,10954,ACTIF
MACH-059,Presse à Injecter 160T (Sousse),Atelier Injection 3,Sousse,160,9487,ACTIF
MACH-060,Presse à Injecter 250T (Brno),Atelier Injection 4,Brno,250,7589,ACTIF
MACH-061,Presse à Injecter 320T (Kondar),Atelier Injection 1,Kondar,320,6708,ACTIF
MACH-062,Presse à Injecter 450T (Sousse),Atelier Injection 2,Sousse,450,5657,ACTIF
MACH-063,Presse à Injecter 600T (Brno),Atelier Injection 3,Brno,600,4899,ACTIF
MACH-064,Presse à Injecter 800T (Kondar),Atelier Injection 4,Kondar,800,4243,ACTIF
MACH-065,Presse à Injecter 1000T (Sousse),Atelier Injection 1,Sousse,1000,3795,ACTIF
MACH-066,Presse à Injecter 1500T (Brno),Atelier Injection 2,Brno,1500,3098,ACTIF
MACH-067,Presse à Injecter 50T (Kondar),Atelier Injection 3,Kondar,50,16971,ACTIF
MACH-068,Presse à Injecter 80T (Sousse),Atelier Injection 4,Sousse,80,13416,ACTIF
MACH-069,Presse à Injecter 120T (Brno),Atelier Injection 1,Brno,120,10954,ACTIF
MACH-070,Presse à Injecter 160T (Kondar),Atelier Injection 2,Kondar,160,9487,ACTIF
MACH-071,Presse à Injecter 250T (Sousse),Atelier Injection 3,Sousse,250,7589,ACTIF
MACH-072,Presse à Injecter 320T (Brno),Atelier Injection 4,Brno,320,6708,ACTIF
MACH-073,Presse à Injecter 450T (Kondar),Atelier Injection 1,Kondar,450,5657,ACTIF
MACH-074,Presse à Injecter 600T (Sousse),Atelier Injection 2,Sousse,600,4899,ACTIF
MACH-075,Presse à Injecter 800T (Brno),Atelier Injection 3,Brno,800,4243,ACTIF
MACH-076,Presse à Injecter 1000T (Kondar),Atelier Injection 4,Kondar,1000,3795,ACTIF
MACH-077,Presse à Injecter 1500T (Sousse),Atelier Injection 1,Sousse,1500,3098,ACTIF
MACH-078,Presse à Injecter 50T (Brno),Atelier Injection 2,Brno,50,16971,ACTIF
MACH-079,Presse à Injecter 80T (Kondar),Atelier Injection 3,Kondar,80,13416,ACTIF
MACH-080,Presse à Injecter 120T (Sousse),Atelier Injection 4,Sousse,120,10954,ACTIF
MACH-081,Presse à Injecter 160T (Brno),Atelier Injection 1,Brno,160,9487,ACTIF
MACH-082,Presse à Injecter 250T (Kondar),Atelier Injection 2,Kondar,250,7589,ACTIF
MACH-083,Presse à Injecter 320T (Sousse),Atelier Injection 3,Sousse,320,6708,ACTIF
MACH-084,Presse à Injecter 450T (Brno),Atelier Injection 4,Brno,450,5657,ACTIF
MACH-085,Presse à Injecter 600T (Kondar),Atelier Injection 1,Kondar,600,4899,ACTIF
MACH-086,Presse à Injecter 800T (Sousse),Atelier Injection 2,Sousse,800,4243,ACTIF
MACH-087,Presse à Injecter 1000T (Brno),Atelier Injection 3,Brno,1000,3795,ACTIF
MACH-088,Presse à Injecter 1500T (Kondar),Atelier Injection 4,Kondar,1500,3098,ACTIF
MACH-089,Presse à Injecter 50T (Sousse),Atelier Injection 1,Sousse,50,16971,ACTIF
MACH-090,Presse à Injecter 80T (Brno),Atelier Injection 2,Brno,80,13416,ACTIF
MACH-091,Presse à Injecter 120T (Kondar),Atelier Injection 3,Kondar,120,10954,ACTIF
MACH-092,Presse à Injecter 160T (Sousse),Atelier Injection 4,Sousse,160,9487,ACTIF
MACH-093,Presse à Injecter 250T (Brno),Atelier Injection 1,Brno,250,7589,ACTIF
MACH-094,Presse à Injecter 320T (Kondar),Atelier Injection 2,Kondar,320,6708,ACTIF
MACH-095,Presse à Injecter 450T (Sousse),Atelier Injection 3,Sousse,450,5657,ACTIF
MACH-096,Presse à Injecter 600T (Brno),Atelier Injection 4,Brno,600,4899,ACTIF
MACH-097,Presse à Injecter 800T (Kondar),Atelier Injection 1,Kondar,800,4243,ACTIF
MACH-098,Presse à Injecter 1000T (Sousse),Atelier Injection 2,Sousse,1000,3795,ACTIF
MACH-099,Presse à Injecter 1500T (Brno),Atelier Injection 3,Brno,1500,3098,ACTIF
MACH-100,Presse à Injecter 50T (Kondar),Atelier Injection 4,Kondar,50,16971,ACTIF
MACH-101,Presse à Injecter 80T (Sousse),Atelier Injection 1,Sousse,80,13416,ACTIF
MACH-102,Presse à Injecter 120T (Brno),Atelier Injection 2,Brno,120,10954,ACTIF
MACH-103,Presse à Injecter 160T (Kondar),Atelier Injection 3,Kondar,160,9487,ACTIF
MACH-104,Presse à Injecter 250T (Sousse),Atelier Injection 4,Sousse,250,7589,ACTIF
MACH-105,Presse à Injecter 320T (Brno),Atelier Injection 1,Brno,320,6708,ACTIF
MACH-106,Presse à Injecter 450T (Kondar),Atelier Injection 2,Kondar,450,5657,ACTIF
MACH-107,Presse à Injecter 600T (Sousse),Atelier Injection 3,Sousse,600,4899,ACTIF
MACH-108,Presse à Injecter 800T (Brno),Atelier Injection 4,Brno,800,4243,ACTIF
MACH-109,Presse à Injecter 1000T (Kondar),Atelier Injection 1,Kondar,1000,3795,ACTIF
MACH-110,Presse à Injecter 1500T (Sousse),Atelier Injection 2,Sousse,1500,3098,ACTIF
MACH-111,Presse à Injecter 50T (Brno),Atelier Injection 3,Brno,50,16971,ACTIF
MACH-112,Presse à Injecter 80T (Kondar),Atelier Injection 4,Kondar,80,13416,ACTIF
MACH-113,Presse à Injecter 120T (Sousse),Atelier Injection 1,Sousse,120,10954,ACTIF
MACH-114,Presse à Injecter 160T (Brno),Atelier Injection 2,Brno,160,9487,ACTIF
MACH-115,Presse à Injecter 250T (Kondar),Atelier Injection 3,Kondar,250,7589,ACTIF
MACH-116,Presse à Injecter 320T (Sousse),Atelier Injection 4,Sousse,320,6708,ACTIF
MACH-117,Presse à Injecter 450T (Brno),Atelier Injection 1,Brno,450,5657,ACTIF
MACH-118,Presse à Injecter 600T (Kondar),Atelier Injection 2,Kondar,600,4899,ACTIF
MACH-119,Presse à Injecter 800T (Sousse),Atelier Injection 3,Sousse,800,4243,ACTIF
MACH-120,Presse à Injecter 1000T (Brno),Atelier Injection 4,Brno,1000,3795,ACTIF
MACH-121,Presse à Injecter 1500T (Kondar),Atelier Injection 1,Kondar,1500,3098,ACTIF
MACH-122,Presse à Injecter 50T (Sousse),Atelier Injection 2,Sousse,50,16971,ACTIF
MACH-123,Presse à Injecter 80T (Brno),Atelier Injection 3,Brno,80,13416,ACTIF
MACH-124,Presse à Injecter 120T (Kondar),Atelier Injection 4,Kondar,120,10954,ACTIF
MACH-125,Presse à Injecter 160T (Sousse),Atelier Injection 1,Sousse,160,9487,ACTIF
MACH-126,Presse à Injecter 250T (Brno),Atelier Injection 2,Brno,250,7589,ACTIF
MACH-127,Presse à Injecter 320T (Kondar),Atelier Injection 3,Kondar,320,6708,ACTIF
MACH-128,Presse à Injecter 450T (Sousse),Atelier Injection 4,Sousse,450,5657,ACTIF
MACH-129,Presse à Injecter 600T (Brno),Atelier Injection 1,Brno,600,4899,ACTIF
MACH-130,Presse à Injecter 800T (Kondar),Atelier Injection 2,Kondar,800,4243,ACTIF
MACH-131,Presse à Injecter 1000T (Sousse),Atelier Injection 3,Sousse,1000,3795,ACTIF
MACH-132,Presse à Injecter 1500T (Brno),Atelier Injection 4,Brno,1500,3098,ACTIF
MACH-133,Presse à Injecter 50T (Kondar),Atelier Injection 1,Kondar,50,16971,ACTIF
MACH-134,Presse à Injecter 80T (Sousse),Atelier Injection 2,Sousse,80,13416,ACTIF
MACH-135,Presse à Injecter 120T (Brno),Atelier Injection 3,Brno,120,10954,ACTIF
MACH-136,Presse à Injecter 160T (Kondar),Atelier Injection 4,Kondar,160,9487,ACTIF
MACH-137,Presse à Injecter 250T (Sousse),Atelier Injection 1,Sousse,250,7589,ACTIF
MACH-138,Presse à Injecter 320T (Brno),Atelier Injection 2,Brno,320,6708,ACTIF
MACH-139,Presse à Injecter 450T (Kondar),Atelier Injection 3,Kondar,450,5657,ACTIF
MACH-140,Presse à Injecter 600T (Sousse),Atelier Injection 4,Sousse,600,4899,ACTIF
MACH-141,Presse à Injecter 800T (Brno),Atelier Injection 1,Brno,800,4243,ACTIF
MACH-142,Presse à Injecter 1000T (Kondar),Atelier Injection 2,Kondar,1000,3795,ACTIF
MACH-143,Presse à Injecter 1500T (Sousse),Atelier Injection 3,Sousse,1500,3098,ACTIF
MACH-144,Presse à Injecter 50T (Brno),Atelier Injection 4,Brno,50,16971,ACTIF
MACH-145,Presse à Injecter 80T (Kondar),Atelier Injection 1,Kondar,80,13416,ACTIF
MACH-146,Presse à Injecter 120T (Sousse),Atelier Injection 2,Sousse,120,10954,ACTIF
MACH-147,Presse à Injecter 160T (Brno),Atelier Injection 3,Brno,160,9487,ACTIF
MACH-148,Presse à Injecter 250T (Kondar),Atelier Injection 4,Kondar,250,7589,ACTIF
MACH-149,Presse à Injecter 320T (Sousse),Atelier Injection 1,Sousse,320,6708,ACTIF
MACH-150,Presse à Injecter 450T (Brno),Atelier Injection 2,Brno,450,5657,ACTIF
MACH-151,Presse à Injecter 600T (Kondar),Atelier Injection 3,Kondar,600,4899,ACTIF
MACH-152,Presse à Injecter 800T (Sousse),Atelier Injection 4,Sousse,800,4243,ACTIF
MACH-153,Presse à Injecter 1000T (Brno),Atelier Injection 1,Brno,1000,3795,ACTIF
MACH-154,Presse à Injecter 1500T (Kondar),Atelier Injection 2,Kondar,1500,3098,ACTIF
MACH-155,Presse à Injecter 50T (Sousse),Atelier Injection 3,Sousse,50,16971,ACTIF
MACH-156,Presse à Injecter 80T (Brno),Atelier Injection 4,Brno,80,13416,ACTIF
MACH-157,Presse à Injecter 120T (Kondar),Atelier Injection 1,Kondar,120,10954,ACTIF
MACH-158,Presse à Injecter 160T (Sousse),Atelier Injection 2,Sousse,160,9487,ACTIF
MACH-159,Presse à Injecter 250T (Brno),Atelier Injection 3,Brno,250,7589,ACTIF
MACH-160,Presse à Injecter 320T (Kondar),Atelier Injection 4,Kondar,320,6708,ACTIF
MACH-161,Presse à Injecter 450T (Sousse),Atelier Injection 1,Sousse,450,5657,ACTIF
MACH-162,Presse à Injecter 600T (Brno),Atelier Injection 2,Brno,600,4899,ACTIF
MACH-163,Presse à Injecter 800T (Kondar),Atelier Injection 3,Kondar,800,4243,ACTIF
MACH-164,Presse à Injecter 1000T (Sousse),Atelier Injection 4,Sousse,1000,3795,ACTIF
MACH-165,Presse à Injecter 1500T (Brno),Atelier Injection 1,Brno,1500,3098,ACTIF
MACH-166,Presse à Injecter 50T (Kondar),Atelier Injection 2,Kondar,50,16971,ACTIF
MACH-167,Presse à Injecter 80T (Sousse),Atelier Injection 3,Sousse,80,13416,ACTIF
MACH-168,Presse à Injecter 120T (Brno),Atelier Injection 4,Brno,120,10954,ACTIF
MACH-169,Presse à Injecter 160T (Kondar),Atelier Injection 1,Kondar,160,9487,ACTIF
MACH-170,Presse à Injecter 250T (Sousse),Atelier Injection 2,Sousse,250,7589,ACTIF
MACH-171,Presse à Injecter 320T (Brno),Atelier Injection 3,Brno,320,6708,ACTIF
MACH-172,Presse à Injecter 450T (Kondar),Atelier Injection 4,Kondar,450,5657,ACTIF
MACH-173,Presse à Injecter 600T (Sousse),Atelier Injection 1,Sousse,600,4899,ACTIF
MACH-174,Presse à Injecter 800T (Brno),Atelier Injection 2,Brno,800,4243,ACTIF
MACH-175,Presse à Injecter 1000T (Kondar),Atelier Injection 3,Kondar,1000,3795,ACTIF
MACH-176,Presse à Injecter 1500T (Sousse),Atelier Injection 4,Sousse,1500,3098,ACTIF
MACH-177,Presse à Injecter 50T (Brno),Atelier Injection 1,Brno,50,16971,ACTIF
MACH-178,Presse à Injecter 80T (Kondar),Atelier Injection 2,Kondar,80,13416,ACTIF
MACH-179,Presse à Injecter 120T (Sousse),Atelier Injection 3,Sousse,120,10954,ACTIF
MACH-180,Presse à Injecter 160T (Brno),Atelier Injection 4,Brno,160,9487,ACTIF
MACH-181,Presse à Injecter 250T (Kondar),Atelier Injection 1,Kondar,250,7589,ACTIF
MACH-182,Presse à Injecter 320T (Sousse),Atelier Injection 2,Sousse,320,6708,ACTIF
MACH-183,Presse à Injecter 450T (Brno),Atelier Injection 3,Brno,450,5657,ACTIF
MACH-184,Presse à Injecter 600T (Kondar),Atelier Injection 4,Kondar,600,4899,ACTIF
MACH-185,Presse à Injecter 800T (Sousse),Atelier Injection 1,Sousse,800,4243,ACTIF
MACH-186,Presse à Injecter 1000T (Brno),Atelier Injection 2,Brno,1000,3795,ACTIF
MACH-187,Presse à Injecter 1500T (Kondar),Atelier Injection 3,Kondar,1500,3098,ACTIF
MACH-188,Presse à Injecter 50T (Sousse),Atelier Injection 4,Sousse,50,16971,ACTIF
MACH-189,Presse à Injecter 80T (Brno),Atelier Injection 1,Brno,80,13416,ACTIF
MACH-190,Presse à Injecter 120T (Kondar),Atelier Injection 2,Kondar,120,10954,ACTIF
MACH-191,Presse à Injecter 160T (Sousse),Atelier Injection 3,Sousse,160,9487,ACTIF
MACH-192,Presse à Injecter 250T (Brno),Atelier Injection 4,Brno,250,7589,ACTIF
MACH-193,Presse à Injecter 320T (Kondar),Atelier Injection 1,Kondar,320,6708,ACTIF
MACH-194,Presse à Injecter 450T (Sousse),Atelier Injection 2,Sousse,450,5657,ACTIF
MACH-195,Presse à Injecter 600T (Brno),Atelier Injection 3,Brno,600,4899,ACTIF
MACH-196,Presse à Injecter 800T (Kondar),Atelier Injection 4,Kondar,800,4243,ACTIF
MACH-197,Presse à Injecter 1000T (Sousse),Atelier Injection 1,Sousse,1000,3795,ACTIF
MACH-198,Presse à Injecter 1500T (Brno),Atelier Injection 2,Brno,1500,3098,ACTIF
MACH-199,Presse à Injecter 50T (Kondar),Atelier Injection 3,Kondar,50,16971,ACTIF
MACH-200,Presse à Injecter 80T (Sousse),Atelier Injection 4,Sousse,80,13416,ACTIF
MACH-201,Presse à Injecter 120T (Brno),Atelier Injection 1,Brno,120,10954,ACTIF
MACH-202,Presse à Injecter 160T (Kondar),Atelier Injection 2,Kondar,160,9487,ACTIF
MACH-203,Presse à Injecter 250T (Sousse),Atelier Injection 3,Sousse,250,7589,ACTIF
MACH-204,Presse à Injecter 320T (Brno),Atelier Injection 4,Brno,320,6708,ACTIF
MACH-205,Presse à Injecter 450T (Kondar),Atelier Injection 1,Kondar,450,5657,ACTIF
MACH-206,Presse à Injecter 600T (Sousse),Atelier Injection 2,Sousse,600,4899,ACTIF
MACH-207,Presse à Injecter 800T (Brno),Atelier Injection 3,Brno,800,4243,ACTIF
MACH-208,Presse à Injecter 1000T (Kondar),Atelier Injection 4,Kondar,1000,3795,ACTIF
MACH-209,Presse à Injecter 1500T (Sousse),Atelier Injection 1,Sousse,1500,3098,ACTIF
MACH-210,Presse à Injecter 50T (Brno),Atelier Injection 2,Brno,50,16971,ACTIF
MACH-211,Presse à Injecter 80T (Kondar),Atelier Injection 3,Kondar,80,13416,ACTIF
MACH-212,Presse à Injecter 120T (Sousse),Atelier Injection 4,Sousse,120,10954,ACTIF
MACH-213,Presse à Injecter 160T (Brno),Atelier Injection 1,Brno,160,9487,ACTIF
MACH-214,Presse à Injecter 250T (Kondar),Atelier Injection 2,Kondar,250,7589,ACTIF
MACH-215,Presse à Injecter 320T (Sousse),Atelier Injection 3,Sousse,320,6708,ACTIF
MACH-216,Presse à Injecter 450T (Brno),Atelier Injection 4,Brno,450,5657,ACTIF
MACH-217,Presse à Injecter 600T (Kondar),Atelier Injection 1,Kondar,600,4899,ACTIF
MACH-218,Presse à Injecter 800T (Sousse),Atelier Injection 2,Sousse,800,4243,ACTIF
MACH-219,Presse à Injecter 1000T (Brno),Atelier Injection 3,Brno,1000,3795,ACTIF
MACH-220,Presse à Injecter 1500T (Kondar),Atelier Injection 4,Kondar,1500,3098,ACTIF
MACH-221,Presse à Injecter 50T (Sousse),Atelier Injection 1,Sousse,50,16971,ACTIF
MACH-222,Presse à Injecter 80T (Brno),Atelier Injection 2,Brno,80,13416,ACTIF
MACH-223,Presse à Injecter 120T (Kondar),Atelier Injection 3,Kondar,120,10954,ACTIF
MACH-224,Presse à Injecter 160T (Sousse),Atelier Injection 4,Sousse,160,9487,ACTIF
MACH-225,Presse à Injecter 250T (Brno),Atelier Injection 1,Brno,250,7589,ACTIF
MACH-226,Presse à Injecter 320T (Kondar),Atelier Injection 2,Kondar,320,6708,ACTIF
MACH-227,Presse à Injecter 450T (Sousse),Atelier Injection 3,Sousse,450,5657,ACTIF
MACH-228,Presse à Injecter 600T (Brno),Atelier Injection 4,Brno,600,4899,ACTIF
MACH-229,Presse à Injecter 800T (Kondar),Atelier Injection 1,Kondar,800,4243,ACTIF
MACH-230,Presse à Injecter 1000T (Sousse),Atelier Injection 2,Sousse,1000,3795,ACTIF
MACH-231,Presse à Injecter 1500T (Brno),Atelier Injection 3,Brno,1500,3098,ACTIF
MACH-232,Presse à Injecter 50T (Kondar),Atelier Injection 4,Kondar,50,16971,ACTIF
MACH-233,Presse à Injecter 80T (Sousse),Atelier Injection 1,Sousse,80,13416,ACTIF
MACH-234,Presse à Injecter 120T (Brno),Atelier Injection 2,Brno,120,10954,ACTIF
MACH-235,Presse à Injecter 160T (Kondar),Atelier Injection 3,Kondar,160,9487,ACTIF
MACH-236,Presse à Injecter 250T (Sousse),Atelier Injection 4,Sousse,250,7589,ACTIF
MACH-237,Presse à Injecter 320T (Brno),Atelier Injection 1,Brno,320,6708,ACTIF
MACH-238,Presse à Injecter 450T (Kondar),Atelier Injection 2,Kondar,450,5657,ACTIF
MACH-239,Presse à Injecter 600T (Sousse),Atelier Injection 3,Sousse,600,4899,ACTIF
MACH-240,Presse à Injecter 800T (Brno),Atelier Injection 4,Brno,800,4243,ACTIF
MACH-241,Presse à Injecter 1000T (Kondar),Atelier Injection 1,Kondar,1000,3795,ACTIF
MACH-242,Presse à Injecter 1500T (Sousse),Atelier Injection 2,Sousse,1500,3098,ACTIF
MACH-243,Presse à Injecter 50T (Brno),Atelier Injection 3,Brno,50,16971,ACTIF
MACH-244,Presse à Injecter 80T (Kondar),Atelier Injection 4,Kondar,80,13416,ACTIF
MACH-245,Presse à Injecter 120T (Sousse),Atelier Injection 1,Sousse,120,10954,ACTIF
MACH-246,Presse à Injecter 160T (Brno),Atelier Injection 2,Brno,160,9487,ACTIF
MACH-247,Presse à Injecter 250T (Kondar),Atelier Injection 3,Kondar,250,7589,ACTIF
MACH-248,Presse à Injecter 320T (Sousse),Atelier Injection 4,Sousse,320,6708,ACTIF
MACH-249,Presse à Injecter 450T (Brno),Atelier Injection 1,Brno,450,5657,ACTIF
MACH-250,Presse à Injecter 600T (Kondar),Atelier Injection 2,Kondar,600,4899,ACTIF
MACH-251,Presse à Injecter 800T (Sousse),Atelier Injection 3,Sousse,800,4243,ACTIF
MACH-252,Presse à Injecter 1000T (Brno),Atelier Injection 4,Brno,1000,3795,ACTIF
MACH-253,Presse à Injecter 1500T (Kondar),Atelier Injection 1,Kondar,1500,3098,ACTIF
MACH-254,Presse à Injecter 50T (Sousse),Atelier Injection 2,Sousse,50,16971,ACTIF
MACH-255,Presse à Injecter 80T (Brno),Atelier Injection 3,Brno,80,13416,ACTIF
MACH-256,Presse à Injecter 120T (Kondar),Atelier Injection 4,Kondar,120,10954,ACTIF
MACH-257,Presse à Injecter 160T (Sousse),Atelier Injection 1,Sousse,160,9487,ACTIF
MACH-258,Presse à Injecter 250T (Brno),Atelier Injection 2,Brno,250,7589,ACTIF
MACH-259,Presse à Injecter 320T (Kondar),Atelier Injection 3,Kondar,320,6708,ACTIF
MACH-260,Presse à Injecter 450T (Sousse),Atelier Injection 4,Sousse,450,5657,ACTIF
MACH-261,Presse à Injecter 600T (Brno),Atelier Injection 1,Brno,600,4899,ACTIF
MACH-262,Presse à Injecter 800T (Kondar),Atelier Injection 2,Kondar,800,4243,ACTIF
MACH-263,Presse à Injecter 1000T (Sousse),Atelier Injection 3,Sousse,1000,3795,ACTIF
MACH-264,Presse à Injecter 1500T (Brno),Atelier Injection 4,Brno,1500,3098,ACTIF
MACH-265,Presse à Injecter 50T (Kondar),Atelier Injection 1,Kondar,50,16971,ACTIF
MACH-266,Presse à Injecter 80T (Sousse),Atelier Injection 2,Sousse,80,13416,ACTIF
MACH-267,Presse à Injecter 120T (Brno),Atelier Injection 3,Brno,120,10954,ACTIF
MACH-268,Presse à Injecter 160T (Kondar),Atelier Injection 4,Kondar,160,9487,ACTIF
MACH-269,Presse à Injecter 250T (Sousse),Atelier Injection 1,Sousse,250,7589,ACTIF
MACH-270,Presse à Injecter 320T (Brno),Atelier Injection 2,Brno,320,6708,ACTIF
MACH-271,Presse à Injecter 450T (Kondar),Atelier Injection 3,Kondar,450,5657,ACTIF
MACH-272,Presse à Injecter 600T (Sousse),Atelier Injection 4,Sousse,600,4899,ACTIF
MACH-273,Presse à Injecter 800T (Brno),Atelier Injection 1,Brno,800,4243,ACTIF
MACH-274,Presse à Injecter 1000T (Kondar),Atelier Injection 2,Kondar,1000,3795,ACTIF
MACH-275,Presse à Injecter 1500T (Sousse),Atelier Injection 3,Sousse,1500,3098,ACTIF
MACH-276,Presse à Injecter 50T (Brno),Atelier Injection 4,Brno,50,16971,ACTIF
MACH-277,Presse à Injecter 80T (Kondar),Atelier Injection 1,Kondar,80,13416,ACTIF
MACH-278,Presse à Injecter 120T (Sousse),Atelier Injection 2,Sousse,120,10954,ACTIF
MACH-279,Presse à Injecter 160T (Brno),Atelier Injection 3,Brno,160,9487,ACTIF
MACH-280,Presse à Injecter 250T (Kondar),Atelier Injection 4,Kondar,250,7589,ACTIF
MACH-281,Presse à Injecter 320T (Sousse),Atelier Injection 1,Sousse,320,6708,ACTIF
MACH-282,Presse à Injecter 450T (Brno),Atelier Injection 2,Brno,450,5657,ACTIF
MACH-283,Presse à Injecter 600T (Kondar),Atelier Injection 3,Kondar,600,4899,ACTIF
MACH-284,Presse à Injecter 800T (Sousse),Atelier Injection 4,Sousse,800,4243,ACTIF
MACH-285,Presse à Injecter 1000T (Brno),Atelier Injection 1,Brno,1000,3795,ACTIF
MACH-286,Presse à Injecter 1500T (Kondar),Atelier Injection 2,Kondar,1500,3098,ACTIF
MACH-287,Presse à Injecter 50T (Sousse),Atelier Injection 3,Sousse,50,16971,ACTIF
MACH-288,Presse à Injecter 80T (Brno),Atelier Injection 4,Brno,80,13416,ACTIF
MACH-289,Presse à Injecter 120T (Kondar),Atelier Injection 1,Kondar,120,10954,ACTIF
MACH-290,Presse à Injecter 160T (Sousse),Atelier Injection 2,Sousse,160,9487,ACTIF
MACH-291,Presse à Injecter 250T (Brno),Atelier Injection 3,Brno,250,7589,ACTIF
MACH-292,Presse à Injecter 320T (Kondar),Atelier Injection 4,Kondar,320,6708,ACTIF
MACH-293,Presse à Injecter 450T (Sousse),Atelier Injection 1,Sousse,450,5657,ACTIF
MACH-294,Presse à Injecter 600T (Brno),Atelier Injection 2,Brno,600,4899,ACTIF
MACH-295,Presse à Injecter 800T (Kondar),Atelier Injection 3,Kondar,800,4243,ACTIF
MACH-296,Presse à Injecter 1000T (Sousse),Atelier Injection 4,Sousse,1000,3795,ACTIF
MACH-297,Presse à Injecter 1500T (Brno),Atelier Injection 1,Brno,1500,3098,ACTIF
MACH-298,Presse à Injecter 50T (Kondar),Atelier Injection 2,Kondar,50,16971,ACTIF
MACH-299,Presse à Injecter 80T (Sousse),Atelier Injection 3,Sousse,80,13416,ACTIF
MACH-300,Presse à Injecter 120T (Brno),Atelier Injection 4,Brno,120,10954,ACTIF
MACH-301,Presse à Injecter 160T (Kondar),Atelier Injection 1,Kondar,160,9487,ACTIF
MACH-302,Presse à Injecter 250T (Sousse),Atelier Injection 2,Sousse,250,7589,ACTIF
MACH-303,Presse à Injecter 320T (Brno),Atelier Injection 3,Brno,320,6708,ACTIF
MACH-304,Presse à Injecter 450T (Kondar),Atelier Injection 4,Kondar,450,5657,ACTIF
MACH-305,Presse à Injecter 600T (Sousse),Atelier Injection 1,Sousse,600,4899,ACTIF
MACH-306,Presse à Injecter 800T (Brno),Atelier Injection 2,Brno,800,4243,ACTIF
MACH-307,Presse à Injecter 1000T (Kondar),Atelier Injection 3,Kondar,1000,3795,ACTIF
MACH-308,Presse à Injecter 1500T (Sousse),Atelier Injection 4,Sousse,1500,3098,ACTIF
MACH-309,Presse à Injecter 50T (Brno),Atelier Injection 1,Brno,50,16971,ACTIF
MACH-310,Presse à Injecter 80T (Kondar),Atelier Injection 2,Kondar,80,13416,ACTIF
MACH-311,Presse à Injecter 120T (Sousse),Atelier Injection 3,Sousse,120,10954,ACTIF
MACH-312,Presse à Injecter 160T (Brno),Atelier Injection 4,Brno,160,9487,ACTIF
MACH-313,Presse à Injecter 250T (Kondar),Atelier Injection 1,Kondar,250,7589,ACTIF
MACH-314,Presse à Injecter 320T (Sousse),Atelier Injection 2,Sousse,320,6708,ACTIF
MACH-315,Presse à Injecter 450T (Brno),Atelier Injection 3,Brno,450,5657,ACTIF
MACH-316,Presse à Injecter 600T (Kondar),Atelier Injection 4,Kondar,600,4899,ACTIF
MACH-317,Presse à Injecter 800T (Sousse),Atelier Injection 1,Sousse,800,4243,ACTIF
MACH-318,Presse à Injecter 1000T (Brno),Atelier Injection 2,Brno,1000,3795,ACTIF
MACH-319,Presse à Injecter 1500T (Kondar),Atelier Injection 3,Kondar,1500,3098,ACTIF
